registry_key,namespace,uri,methods,table_type,solver,schema,spec_rows,section,title,source_url
DB.ACTL,DB,/DB/ACTL,"POST, GET, PUT, DELETE",,,yes,9,Analysis,Main Control Data,https://support.midasuser.com/hc/en-us/articles/35409287717657-Main-Control-Data
DB.ACTL-M1,DB,/DB/ACTL-M1,"GET, PUT, DELETE",,HYPER_S,yes,28,Analysis,Main Control Data,https://support.midasuser.com/hc/en-us/articles/56397306107545-Main-Control-Data
DB.BCCT,DB,/DB/BCCT,"POST, GET, PUT, DELETE",,,yes,17,Analysis,Boundary Change Assignment,https://support.midasuser.com/hc/en-us/articles/35736960800281-Boundary-Change-Assignment
DB.BCGA-M1,DB,/DB/BCGA-M1,"POST, GET, PUT, DELETE",,HYPER_S,yes,5,Analysis,Assign Boundary Combination,https://support.midasuser.com/hc/en-us/articles/56375029084697-Assign-Boundary-Combination
DB.BCGD-M1,DB,/DB/BCGD-M1,"POST, GET, PUT, DELETE",,HYPER_S,yes,2,Analysis,Define Boundary Combination,https://support.midasuser.com/hc/en-us/articles/56374180830745-Define-Boundary-Combination
DB.BMLD,DB,/DB/BMLD,"POST, GET, PUT, DELETE",,,yes,20,Static Loads,Beam Loads,https://support.midasuser.com/hc/en-us/articles/35952826746521-Beam-Loads
DB.BNGR,DB,/DB/BNGR,"POST, GET, PUT",,,yes,2,Project,Boundary Group,https://support.midasuser.com/hc/en-us/articles/35804937452313-Boundary-Group
DB.BODF,DB,/DB/BODF,"POST, GET, PUT, DELETE",,,yes,3,Static Loads,Self-Weight,https://support.midasuser.com/hc/en-us/articles/35952708909337-Self-Weight
DB.BTMP,DB,/DB/BTMP,"POST, GET, PUT, DELETE",,,yes,23,Temperature Loads,Beam Section Temperature,https://support.midasuser.com/hc/en-us/articles/35954186047897-Beam-Section-Temperature
DB.BUCK,DB,/DB/BUCK,"POST, GET, PUT, DELETE",,,yes,10,Analysis,Buckling Analysis Control,https://support.midasuser.com/hc/en-us/articles/35989190592537-Buckling-Analysis-Control
DB.CAMB,DB,/DB/CAMB,"POST, GET, PUT, DELETE",,,yes,3,Bridge Specialization Results,FCM Camber Control,https://support.midasuser.com/hc/en-us/articles/35991862460697-FCM-Camber-Control
DB.CCFC,DB,/DB/CCFC,"POST, GET, PUT, DELETE",,,yes,9,Heat of Hydration Loads,Convection Coefficient Functions,https://support.midasuser.com/hc/en-us/articles/35988168533785-Convection-Coefficient-Functions
DB.CGLP,DB,/DB/CGLP,"POST, GET, PUT, DELETE",,,yes,3,Boundary,Change General Link Property,https://support.midasuser.com/hc/en-us/articles/35947087784217-Change-General-Link-Property
DB.CJFG,DB,/DB/CJFG,"POST, GET, PUT, DELETE",,,yes,1,Moving Loads,Concurrent Joint Force Group,https://support.midasuser.com/hc/en-us/articles/35962376351769-Concurrent-Joint-Force-Group
DB.CLDR,DB,/DB/CLDR,"POST, GET, PUT",,,yes,1,Boundary,Define Constraints Label Direction,https://support.midasuser.com/hc/en-us/articles/35952465579417-Define-Constraints-Label-Direction
DB.CLWP,DB,/DB/CLWP,"POST, GET, PUT, DELETE",,,yes,14,Analysis Results,Plate Cutting Line Diagram,https://support.midasuser.com/hc/en-us/articles/35991500289561-Plate-Cutting-Line-Diagram
DB.CMCS,DB,/DB/CMCS,"POST, GET, PUT, DELETE",,,yes,2,Construction Stage Loads,Camber for Construction Stage,https://support.midasuser.com/hc/en-us/articles/35987807611161-Camber-for-Construction-Stage
DB.CNLD,DB,/DB/CNLD,"POST, GET, PUT, DELETE",,,yes,10,Static Loads,Nodal Loads,https://support.midasuser.com/hc/en-us/articles/35952812160281-Nodal-Loads
DB.CONS,DB,/DB/CONS,"POST, GET, PUT, DELETE",,,yes,4,Boundary,Constraint Support,https://support.midasuser.com/hc/en-us/articles/35944759597337-Constraint-Support
DB.CO_F,DB,/DB/CO_F,"GET, PUT",,,yes,12,View,Floor Load Color,https://support.midasuser.com/hc/en-us/articles/35805846236441-Floor-Load-Color
DB.CO_M,DB,/DB/CO_M,"GET, PUT",,,yes,11,View,Material Color,https://support.midasuser.com/hc/en-us/articles/35805703171353-Material-Color
DB.CO_S,DB,/DB/CO_S,"GET, PUT",,,yes,11,View,Section Color,https://support.midasuser.com/hc/en-us/articles/35805763514393-Section-Color
DB.CO_T,DB,/DB/CO_T,"GET, PUT",,,yes,11,View,Thickness Color,https://support.midasuser.com/hc/en-us/articles/35805833925785-Thickness-Color
DB.CRGR,DB,/DB/CRGR,"POST, GET, PUT, DELETE",,,yes,1,Moving Loads,Concurrent Reaction Group,https://support.midasuser.com/hc/en-us/articles/35962261902745-Concurrent-Reaction-Group
DB.CRPC,DB,/DB/CRPC,"POST, GET, PUT, DELETE",,,yes,4,Construction Stage Loads,Creep Coefficient for Construction Stage,https://support.midasuser.com/hc/en-us/articles/35987878971545-Creep-Coefficient-for-Construction-Stage
DB.CSCS,DB,/DB/CSCS,"POST, GET, PUT, DELETE",,,yes,20,Construction Stage Loads,Composite Section for Construction Stage,https://support.midasuser.com/hc/en-us/articles/35987625234201-Composite-Section-for-Construction-Stage
DB.CUTL,DB,/DB/CUTL,"POST, GET, PUT, DELETE",,,yes,12,Analysis Results,Cutting Line,https://support.midasuser.com/hc/en-us/articles/35991257189017-Cutting-Line
DB.DCON,DB,/DB/DCON,"POST, GET, PUT, DELETE",,,yes,66,Design,RC Design Code,https://support.midasuser.com/hc/en-us/articles/35993633394969-RC-Design-Code
DB.DCTL,DB,/DB/DCTL,"POST, GET, PUT, DELETE",,,yes,4,Design,Definition of Frame,https://support.midasuser.com/hc/en-us/articles/49513652948377-Definition-of-Frame
DB.DOEL,DB,/DB/DOEL,"POST, GET, PUT, DELETE",,,yes,3,Node/Element,Domain-Element,https://support.midasuser.com/hc/en-us/articles/35807341514393-Domain-Element
DB.DRLS,DB,/DB/DRLS,"POST, GET, PUT, DELETE",,,yes,1,Boundary,Diaphragm Disconnect,https://support.midasuser.com/hc/en-us/articles/51740138178969-Diaphragm-Disconnect
DB.DSTL,DB,/DB/DSTL,"POST, GET, PUT, DELETE",,,yes,68,Design,Design Steel Code,https://support.midasuser.com/hc/en-us/articles/52149417728665-Design-Steel-Code
DB.DYFG,DB,/DB/DYFG,"POST, GET, PUT, DELETE",,,yes,6,Moving Loads,Railway Dynamic Factor,https://support.midasuser.com/hc/en-us/articles/35963474883097-Railway-Dynamic-Factor
DB.DYLA,DB,/DB/DYLA,"POST, GET, PUT, DELETE",,,yes,2,Moving Loads,Dynamic Load Allowance,https://support.midasuser.com/hc/en-us/articles/35963288573849-Dynamic-Load-Allowance
DB.DYNF,DB,/DB/DYNF,"POST, GET, PUT, DELETE",,,yes,6,Moving Loads,Railway Dynamic Factor by Element,https://support.midasuser.com/hc/en-us/articles/35963520535577-Railway-Dynamic-Factor-by-Element
DB.EDMP,DB,/DB/EDMP,"POST, GET, PUT, DELETE",,,yes,2,Properties,Change Property,https://support.midasuser.com/hc/en-us/articles/35808245801881-Change-Property
DB.EFCT,DB,/DB/EFCT,"POST, GET, PUT, DELETE",,,yes,7,Miscellaneous Loads,Small Displacement - Initial Force Control Data,https://support.midasuser.com/hc/en-us/articles/35988927684633-Small-Displacement-Initial-Force-Control-Data
DB.EIGV,DB,/DB/EIGV,"POST, GET, PUT, DELETE",,,yes,19,Analysis,Eigenvalue Analysis Control,https://support.midasuser.com/hc/en-us/articles/35989224565273-Eigenvalue-Analysis-Control
DB.EIGV-M1,DB,/DB/EIGV-M1,"GET, PUT, DELETE",,HYPER_S,yes,16,Analysis,Eigenvalue Analysis Control,https://support.midasuser.com/hc/en-us/articles/56375983487385-Eigenvalue-Analysis-Control
DB.ELEM,DB,/DB/ELEM,"POST, GET, PUT, DELETE",,,yes,67,Node/Element,Element,https://support.midasuser.com/hc/en-us/articles/35806934300825-Element
DB.ELNK,DB,/DB/ELNK,"POST, GET, PUT, DELETE",,,yes,26,Boundary,Elastic Link,https://support.midasuser.com/hc/en-us/articles/35946439146649-Elastic-Link
DB.EPMT,DB,/DB/EPMT,"POST, GET, PUT, DELETE",,,yes,75,Properties,Plastic Material,https://support.midasuser.com/hc/en-us/articles/35808376517913-Plastic-Material
DB.EPMT-M1,DB,/DB/EPMT-M1,"POST, GET, PUT, DELETE",,HYPER_S,yes,84,Properties,Plastic Material,https://support.midasuser.com/hc/en-us/articles/56511025581337-Plastic-Material
DB.EPSE,DB,/DB/EPSE,"POST, GET, PUT, DELETE",,,yes,21,Static Loads,Seismic Earth Pressure,https://support.midasuser.com/hc/en-us/articles/49511153905177-Seismic-Earth-Pressure
DB.EPST,DB,/DB/EPST,"POST, GET, PUT, DELETE",,,yes,37,Static Loads,Static Earth Pressure,https://support.midasuser.com/hc/en-us/articles/49511059178521-Static-Earth-Pressure
DB.ESSF,DB,/DB/ESSF,"POST, GET, PUT, DELETE",,,yes,10,Properties,Element Stiffness Scale Factor,https://support.midasuser.com/hc/en-us/articles/44613910309401-Element-Stiffness-Scale-Factor
DB.ETFC,DB,/DB/ETFC,"POST, GET, PUT, DELETE",,,yes,13,Heat of Hydration Loads,Ambient Temperature Functions,https://support.midasuser.com/hc/en-us/articles/35988049086489-Ambient-Temperature-Functions
DB.ETMP,DB,/DB/ETMP,"POST, GET, PUT, DELETE",,,yes,5,Temperature Loads,Element Temperature,https://support.midasuser.com/hc/en-us/articles/35954097233561-Element-Temperature
DB.EWSF,DB,/DB/EWSF,"POST, GET, PUT, DELETE",,,yes,11,Properties,Effective Width Scale Factor,https://support.midasuser.com/hc/en-us/articles/35943954272281-Effective-Width-Scale-Factor
DB.EXLD,DB,/DB/EXLD,"POST, GET, PUT, DELETE",,,yes,1,Prestress Loads,External Type Load Case for Pretension,https://support.midasuser.com/hc/en-us/articles/35954841849753-External-Type-Load-Case-for-Pretension
DB.FBLA,DB,/DB/FBLA,"POST, GET, PUT, DELETE",,,yes,16,Static Loads,Assign Floor Loads,https://support.midasuser.com/hc/en-us/articles/35953653792665-Assign-Floor-Loads
DB.FBLD,DB,/DB/FBLD,"POST, GET, PUT, DELETE",,,yes,6,Static Loads,Define Floor Load Type,https://support.midasuser.com/hc/en-us/articles/35953604106137-Define-Floor-Load-Type
DB.FIBR,DB,/DB/FIBR,"POST, GET, PUT, DELETE",,,yes,21,Properties,Fiber Division of Section,https://support.midasuser.com/hc/en-us/articles/35944476555801-Fiber-Division-of-Section
DB.FIMP,DB,/DB/FIMP,"POST, GET, PUT, DELETE",,,yes,222,Properties,Inelastic Material Properties,https://support.midasuser.com/hc/en-us/articles/35944335180569-Inelastic-Material-Properties
DB.FMLD,DB,/DB/FMLD,"POST, GET, PUT, DELETE",,,yes,10,Static Loads,Finishing Material Loads,https://support.midasuser.com/hc/en-us/articles/35953690148121-Finishing-Material-Loads
DB.FRLS,DB,/DB/FRLS,"POST, GET, PUT, DELETE",,,yes,8,Boundary,Beam End Release,https://support.midasuser.com/hc/en-us/articles/35947184258585-Beam-End-Release
DB.GALD,DB,/DB/GALD,"POST, GET, PUT, DELETE",,GRID_MODEL,yes,46,Grid Model Analysis Loads,Grid Analysis Load,https://support.midasuser.com/hc/en-us/articles/39236719728281-Grid-Analysis-Load
DB.GCMB,DB,/DB/GCMB,"POST, GET, PUT, DELETE",,,yes,4,Bridge Specialization Results,General Camber Control,https://support.midasuser.com/hc/en-us/articles/35991765204121-General-Camber-Control
DB.GRDP,DB,/DB/GRDP,"POST, GET, PUT, DELETE",,,yes,41,Properties,Group Damping,https://support.midasuser.com/hc/en-us/articles/35944577940633-Group-Damping
DB.GRUP,DB,/DB/GRUP,"POST, GET, PUT",,,yes,4,Project,Structure Group,https://support.midasuser.com/hc/en-us/articles/35802441712921-Structure-Group
DB.GSBG,DB,/DB/GSBG,"POST, GET, PUT, DELETE",,,yes,12,Bridge Specialization Results,Bridge Girder Diagrams,https://support.midasuser.com/hc/en-us/articles/35991591178265-Bridge-Girder-Diagrams
DB.GSPR,DB,/DB/GSPR,"POST, GET, PUT, DELETE",,,yes,4,Boundary,Assign General Spring Supports,https://support.midasuser.com/hc/en-us/articles/35946151002393-Assign-General-Spring-Supports
DB.GSTP,DB,/DB/GSTP,"POST, GET, PUT, DELETE",,,yes,7,Boundary,Define General Spring Type,https://support.midasuser.com/hc/en-us/articles/35946004118169-Define-General-Spring-Type
DB.GTMP,DB,/DB/GTMP,"POST, GET, PUT, DELETE",,,yes,12,Temperature Loads,Temperature Gradient,https://support.midasuser.com/hc/en-us/articles/35954163821593-Temperature-Gradient
DB.HAHS,DB,/DB/HAHS,"POST, GET, PUT, DELETE",,,yes,1,Heat of Hydration Loads,Assign Heat Source,https://support.midasuser.com/hc/en-us/articles/35988378892441-Assign-Heat-Source
DB.HECB,DB,/DB/HECB,"POST, GET, PUT, DELETE",,,yes,6,Heat of Hydration Loads,Element Convection Boundary,https://support.midasuser.com/hc/en-us/articles/35988210740761-Element-Convection-Boundary
DB.HHCT,DB,/DB/HHCT,"POST, GET, PUT, DELETE",,,yes,22,Analysis,Heat of Hydration Analysis Control,https://support.midasuser.com/hc/en-us/articles/35989317531417-Heat-of-Hydration-Analysis-Control
DB.HHCT-M1,DB,/DB/HHCT-M1,"GET, PUT, DELETE",,HYPER_S,yes,33,Analysis,Heat of Hydration Analysis Control,https://support.midasuser.com/hc/en-us/articles/56399833703193-Heat-of-Hydration-Analysis-Control
DB.HHND,DB,/DB/HHND,"POST, GET, PUT, DELETE",,,yes,5,Heat of Hydration Results,Heat of Hydaration Result Graph,https://support.midasuser.com/hc/en-us/articles/35992577650841-Heat-of-Hydaration-Result-Graph
DB.HPCE,DB,/DB/HPCE,"POST, GET, PUT, DELETE",,,yes,10,Heat of Hydration Loads,Pipe Cooling,https://support.midasuser.com/hc/en-us/articles/35988420776345-Pipe-Cooling
DB.HSFC,DB,/DB/HSFC,"POST, GET, PUT, DELETE",,,yes,19,Heat of Hydration Loads,Heat Source Functions,https://support.midasuser.com/hc/en-us/articles/35988291377305-Heat-Source-Functions
DB.HSPT,DB,/DB/HSPT,"POST, GET, PUT, DELETE",,,yes,4,Heat of Hydration Loads,Prescribed Temperature,https://support.midasuser.com/hc/en-us/articles/35988262538521-Prescribed-Temperature
DB.HSTG,DB,/DB/HSTG,"POST, GET, PUT, DELETE",,,yes,13,Heat of Hydration Loads,Define Construction Stage for Hydration,https://support.midasuser.com/hc/en-us/articles/35988442589465-Define-Construction-Stage-for-Hydration
DB.IEHC,DB,/DB/IEHC,"POST, GET, PUT, DELETE",,,yes,18,Properties,Inelastic Hinge Control Data,https://support.midasuser.com/hc/en-us/articles/35944093809689-Inelastic-Hinge-Control-Data
DB.IEHG,DB,/DB/IEHG,"POST, GET, PUT, DELETE",,,yes,2,Properties,Assign Inelastic Hinge Properties,https://support.midasuser.com/hc/en-us/articles/35944228031001-Assign-Inelastic-Hinge-Properties
DB.IEHG-BEAM-M1,DB,/DB/IEHG-BEAM-M1,"POST, GET, PUT, DELETE",,HYPER_S,yes,1,Properties,Assign Inelastic Hinges - Beam,https://support.midasuser.com/hc/en-us/articles/57656773423385-Assign-Inelastic-Hinges-Beam
DB.IEHG-GL-M1,DB,/DB/IEHG-GL-M1,"POST, GET, PUT, DELETE",,HYPER_S,yes,1,Properties,Assign Inelastic Hinges - General Link,https://support.midasuser.com/hc/en-us/articles/57656799110937-Assign-Inelastic-Hinges-General-Link
DB.IEHG-PSS-M1,DB,/DB/IEHG-PSS-M1,"POST, GET, PUT, DELETE",,HYPER_S,yes,1,Properties,Assign Inelastic Hinges - Point Spring Support,https://support.midasuser.com/hc/en-us/articles/57656826629657-Assign-Inelastic-Hinges-Point-Spring-Support
DB.IEHG-TRUSS-M1,DB,/DB/IEHG-TRUSS-M1,"POST, GET, PUT, DELETE",,HYPER_S,yes,1,Properties,Assign Inelastic Hinges - Truss,https://support.midasuser.com/hc/en-us/articles/57656796689177-Assign-Inelastic-Hinges-Truss
DB.IELC,DB,/DB/IELC,"POST, GET, PUT, DELETE",,,yes,3,Miscellaneous Loads,Ignore Elements for Load Cases,https://support.midasuser.com/hc/en-us/articles/35988790960921-Ignore-Elements-for-Load-Cases
DB.IEPI,DB,/DB/IEPI,"POST, GET, PUT, DELETE",,,yes,1,Pushover,Ignore Elements for Pushover Intial Load,https://support.midasuser.com/hc/en-us/articles/35992797619097-Ignore-Elements-for-Pushover-Intial-Load
DB.IFGS,DB,/DB/IFGS,"POST, GET, PUT",,,yes,2,Miscellaneous Loads,Large Displacement - Initial Forces for Geometric Stiffness,https://support.midasuser.com/hc/en-us/articles/35988857497113-Large-Displacement-Initial-Forces-for-Geometric-Stiffness
DB.IMFM,DB,/DB/IMFM,"POST, GET, PUT, DELETE",,,yes,6,Properties,Inelastic Material Properties for Fiber Model,https://support.midasuser.com/hc/en-us/articles/35807475893401-Inelastic-Material-Properties-for-Fiber-Model
DB.IMFM-M1,DB,/DB/IMFM-M1,"POST, GET, PUT, DELETE",,HYPER_S,yes,6,Properties,Inelastic Material Link for Auto Generation,https://support.midasuser.com/hc/en-us/articles/56375076523929-Inelastic-Material-Link-for-Auto-Generation
DB.IMPF,DB,/DB/IMPF,"POST, GET, PUT, DELETE",,,yes,15,Moving Loads,Additional Impact Factor,https://support.midasuser.com/hc/en-us/articles/35963359844889-Additional-Impact-Factor
DB.INMF,DB,/DB/INMF,"POST, GET, PUT, DELETE",,,yes,3,Miscellaneous Loads,Small Displacement - Initial Element Force,https://support.midasuser.com/hc/en-us/articles/35988975670937-Small-Displacement-Initial-Element-Force
DB.LCOM-CONC,DB,/DB/LCOM-CONC,"POST, GET, PUT, DELETE",,,,11,Analysis Results,Load Combinations - Concrete Design,https://support.midasuser.com/hc/en-us/articles/35990864052249-Load-Combinations-Concrete-Design
DB.LCOM-GEN,DB,/DB/LCOM-GEN,"POST, GET, PUT, DELETE",,,,10,Analysis Results,Load Combinations - General,https://support.midasuser.com/hc/en-us/articles/35990806887065-Load-Combinations-General
DB.LCOM-SEISMIC,DB,/DB/LCOM-SEISMIC,"POST, GET, PUT, DELETE",,,,10,Analysis Results,Load Combinations - Seismic Design,https://support.midasuser.com/hc/en-us/articles/35991142266265-Load-Combinations-Seismic-Design
DB.LCOM-SRC,DB,/DB/LCOM-SRC,"POST, GET, PUT, DELETE",,,,10,Analysis Results,Load Combinations - SRC Design,https://support.midasuser.com/hc/en-us/articles/35991038731161-Load-Combinations-SRC-Design
DB.LCOM-STEEL,DB,/DB/LCOM-STEEL,"POST, GET, PUT, DELETE",,,,10,Analysis Results,Load Combinations - Steel Design,https://support.midasuser.com/hc/en-us/articles/35990929861913-Load-Combinations-Steel-Design
DB.LCOM-STLCOMP,DB,/DB/LCOM-STLCOMP,"POST, GET, PUT, DELETE",,,,10,Analysis Results,Load Combinations - Composite Steel Girder Design,https://support.midasuser.com/hc/en-us/articles/35991080923033-Load-Combinations-Composite-Steel-Girder-Design
DB.LDGR,DB,/DB/LDGR,"POST, GET, PUT, DELETE",,,yes,1,Project,Load Group,https://support.midasuser.com/hc/en-us/articles/35804975346841-Load-Group
DB.LDSQ,DB,/DB/LDSQ,"POST, GET, PUT, DELETE",,,yes,1,Miscellaneous Loads,Load Sequence for Nonlinear,https://support.midasuser.com/hc/en-us/articles/35988663234329-Load-Sequence-for-Nonlinear
DB.LENG,DB,/DB/LENG,"POST, GET, PUT, DELETE",,,yes,6,Design,Unbraced Length,https://support.midasuser.com/hc/en-us/articles/49513511154329-Unbraced-Length
DB.LLAN,DB,/DB/LLAN,"POST, GET, PUT, DELETE",,,yes,42,Moving Loads,Traffic Line Lanes,https://support.midasuser.com/hc/en-us/articles/35955170613273-Traffic-Line-Lanes
DB.LLANCH,DB,/DB/LLANCH,"POST, GET, PUT, DELETE",,,yes,17,Moving Loads,Traffic Line Lanes - China,https://support.midasuser.com/hc/en-us/articles/35955208713241-Traffic-Line-Lanes-China
DB.LLANID,DB,/DB/LLANID,"POST, GET, PUT, DELETE",,,yes,17,Moving Loads,Traffic Line Lanes - India,https://support.midasuser.com/hc/en-us/articles/35955251576089-Traffic-Line-Lanes-India
DB.LLANOP,DB,/DB/LLANOP,"POST, GET, PUT, DELETE",,,yes,38,Moving Loads,Traffic Line Lanes - Moving Load Optimizaion,https://support.midasuser.com/hc/en-us/articles/35955410961689-Traffic-Line-Lanes-Moving-Load-Optimizaion
DB.LLANTR,DB,/DB/LLANTR,"POST, GET, PUT, DELETE",,,yes,4,Moving Loads,Traffic Line Lanes - Transverse,https://support.midasuser.com/hc/en-us/articles/35955355080217-Traffic-Line-Lanes-Transverse
DB.LTOM,DB,/DB/LTOM,"POST, GET, PUT, DELETE",,,yes,9,Static Loads,Loads to Masses,https://support.midasuser.com/hc/en-us/articles/35953062761881-Loads-to-Masses
DB.LTSR,DB,/DB/LTSR,"POST, GET, PUT, DELETE",,,yes,3,Design,Limiting Slenderness Ratio,https://support.midasuser.com/hc/en-us/articles/49513681377689-Limiting-Slenderness-Ratio
DB.MADO,DB,/DB/MADO,"POST, GET, PUT, DELETE",,,yes,5,Node/Element,Define Domain,https://support.midasuser.com/hc/en-us/articles/35807228332825-Define-Domain
DB.MATD,DB,/DB/MATD,"GET, PUT",,,,13,Design,Modify Concrete Materials,https://support.midasuser.com/hc/en-us/articles/35993732216985-Modify-Concrete-Materials
DB.MATL,DB,/DB/MATL,"POST, GET, PUT, DELETE",,,yes,28,Properties,Material Properties,https://support.midasuser.com/hc/en-us/articles/35807411331993-Material-Properties
DB.MATL-M1,DB,/DB/MATL-M1,"POST, GET, PUT, DELETE",,HYPER_S,yes,32,Properties,Material Properties,https://support.midasuser.com/hc/en-us/articles/56396523438873-Material-Properties
DB.MBTP,DB,/DB/MBTP,"POST, GET, PUT, DELETE",,,,1,Design,Modify Member Type,https://support.midasuser.com/hc/en-us/articles/49513816193689-Modify-Member-Type
DB.MCON,DB,/DB/MCON,"POST, GET, PUT, DELETE",,,yes,14,Boundary,Linear Constraints,https://support.midasuser.com/hc/en-us/articles/35948507217689-Linear-Constraints
DB.MEMB,DB,/DB/MEMB,"POST, GET, PUT, DELETE",,,yes,2,Design,Member Assignment,https://support.midasuser.com/hc/en-us/articles/49513603328793-Member-Assignment
DB.MLFC,DB,/DB/MLFC,"POST, GET, PUT, DELETE",,,yes,7,Boundary,Force-Deformation Function,https://support.midasuser.com/hc/en-us/articles/35947795463705-Force-Deformation-Function
DB.MLSP,DB,/DB/MLSP,"POST, GET, PUT, DELETE",,,yes,5,Moving Loads,Lane Support - Negative Moments at Interior Piers,https://support.midasuser.com/hc/en-us/articles/35962967211545-Lane-Support-Negative-Moments-at-Interior-Piers
DB.MLSR,DB,/DB/MLSR,"POST, GET, PUT, DELETE",,,yes,1,Moving Loads,Lane Support - Reactions at Interior Piers,https://support.midasuser.com/hc/en-us/articles/35963167875225-Lane-Support-Reactions-at-Interior-Piers
DB.MVCD,DB,/DB/MVCD,"POST, GET, PUT, DELETE",,,yes,18,Moving Loads,Moving Load Code,https://support.midasuser.com/hc/en-us/articles/35955076795929-Moving-Load-Code
DB.MVCT,DB,/DB/MVCT,"POST, GET, PUT, DELETE",,,yes,52,Analysis,Moving Load Analysis Control,https://support.midasuser.com/hc/en-us/articles/35989483364633-Moving-Load-Analysis-Control
DB.MVCTBS,DB,/DB/MVCTBS,"POST, GET, PUT, DELETE",,,yes,28,Analysis,Moving Load Analysis Control - BS,https://support.midasuser.com/hc/en-us/articles/35989838706969-Moving-Load-Analysis-Control-BS
DB.MVCTCH,DB,/DB/MVCTCH,"POST, GET, PUT, DELETE",,,yes,154,Analysis,Moving Load Analysis Control - China,https://support.midasuser.com/hc/en-us/articles/35989644995609-Moving-Load-Analysis-Control-China
DB.MVCTID,DB,/DB/MVCTID,"POST, GET, PUT, DELETE",,,yes,33,Analysis,Moving Load Analysis Control - India,https://support.midasuser.com/hc/en-us/articles/35989643553305-Moving-Load-Analysis-Control-India
DB.MVCTTR,DB,/DB/MVCTTR,"POST, GET, PUT, DELETE",,,yes,9,Analysis,Moving Load Analysis Control - Transverse,https://support.midasuser.com/hc/en-us/articles/35989924517401-Moving-Load-Analysis-Control-Transverse
DB.MVHC,DB,/DB/MVHC,"POST, GET, PUT, DELETE",,,yes,2,Moving Loads,Vehicle Classes,https://support.midasuser.com/hc/en-us/articles/35962463156761-Vehicle-Classes
DB.MVHL,DB,/DB/MVHL,"POST, GET, PUT, DELETE",,,yes,33,Moving Loads,Vehicles - AASHTO Standard,https://support.midasuser.com/hc/en-us/articles/35957125531545-Vehicles-AASHTO-Standard
DB.MVHLTR,DB,/DB/MVHLTR,"POST, GET, PUT, DELETE",,,yes,12,Moving Loads,Vehicles - Transverse,https://support.midasuser.com/hc/en-us/articles/35958910039321-Vehicles-Transverse
DB.MVLD,DB,/DB/MVLD,"POST, GET, PUT, DELETE",,,yes,95,Moving Loads,Moving Load Cases,https://support.midasuser.com/hc/en-us/articles/35959068573209-Moving-Load-Cases
DB.MVLDBS,DB,/DB/MVLDBS,"POST, GET, PUT, DELETE",,,yes,61,Moving Loads,Moving Load Cases - BS,https://support.midasuser.com/hc/en-us/articles/35961459443737-Moving-Load-Cases-BS
DB.MVLDCH,DB,/DB/MVLDCH,"POST, GET, PUT, DELETE",,,yes,25,Moving Loads,Moving Load Cases - China,https://support.midasuser.com/hc/en-us/articles/35960417354649-Moving-Load-Cases-China
DB.MVLDEU,DB,/DB/MVLDEU,"POST, GET, PUT, DELETE",,,yes,74,Moving Loads,Moving Load Cases - Eurocode,https://support.midasuser.com/hc/en-us/articles/35961579883929-Moving-Load-Cases-Eurocode
DB.MVLDID,DB,/DB/MVLDID,"POST, GET, PUT, DELETE",,,yes,29,Moving Loads,Moving Load Cases - India,https://support.midasuser.com/hc/en-us/articles/35961164029593-Moving-Load-Cases-India
DB.MVLDPL,DB,/DB/MVLDPL,"POST, GET, PUT, DELETE",,,yes,43,Moving Loads,Moving Load Cases - Poland,https://support.midasuser.com/hc/en-us/articles/35961922701209-Moving-Load-Cases-Poland
DB.MVLDTR,DB,/DB/MVLDTR,"POST, GET, PUT, DELETE",,,yes,7,Moving Loads,Moving Load Cases - Transverse,https://support.midasuser.com/hc/en-us/articles/35961950207129-Moving-Load-Cases-Transverse
DB.NBOF,DB,/DB/NBOF,"POST, GET, PUT, DELETE",,,yes,12,Static Loads,Nodal Body Force,https://support.midasuser.com/hc/en-us/articles/35953117115545-Nodal-Body-Force
DB.NLCT,DB,/DB/NLCT,"POST, GET, PUT, DELETE",,,yes,59,Analysis,Nonlinear Analysis Control Data,https://support.midasuser.com/hc/en-us/articles/35990229420441-Nonlinear-Analysis-Control-Data
DB.NLCT-M1,DB,/DB/NLCT-M1,"GET, PUT, DELETE",,HYPER_S,yes,65,Analysis,Nonlinear Analysis Control,https://support.midasuser.com/hc/en-us/articles/56506850582425-Nonlinear-Analysis-Control
DB.NLLP,DB,/DB/NLLP,"POST, GET, PUT, DELETE",,,yes,105,Boundary,General Link Properties,https://support.midasuser.com/hc/en-us/articles/35946764618905-General-Link-Properties
DB.NLNK,DB,/DB/NLNK,"POST, GET, PUT, DELETE",,,yes,20,Boundary,General Link,https://support.midasuser.com/hc/en-us/articles/35946942651289-General-Link
DB.NLNK-M1,DB,/DB/NLNK-M1,"POST, GET, PUT, DELETE",,HYPER_S,yes,18,Boundary,General Link,https://support.midasuser.com/hc/en-us/articles/56511465190937-General-Link
DB.NMAS,DB,/DB/NMAS,"POST, GET, PUT, DELETE",,,yes,6,Static Loads,Nodal Masses,https://support.midasuser.com/hc/en-us/articles/35952994344985-Nodal-Masses
DB.NODE,DB,/DB/NODE,"POST, GET, PUT, DELETE",,,yes,3,Node/Element,Node,https://support.midasuser.com/hc/en-us/articles/35806845654169-Node
DB.NPLN,DB,/DB/NPLN,"POST, GET, PUT, DELETE",,,yes,8,View,Named Plane,https://support.midasuser.com/hc/en-us/articles/35805287066649-Named-Plane
DB.NSPR,DB,/DB/NSPR,"POST, GET, PUT, DELETE",,,yes,21,Boundary,Point Spring,https://support.midasuser.com/hc/en-us/articles/35945908301081-Point-Spring
DB.NTMP,DB,/DB/NTMP,"POST, GET, PUT, DELETE",,,yes,5,Temperature Loads,Nodal Temperature,https://support.midasuser.com/hc/en-us/articles/35954302641177-Nodal-Temperature
DB.OFFS,DB,/DB/OFFS,"POST, GET, PUT, DELETE",,,yes,16,Boundary,Beam End Offsets,https://support.midasuser.com/hc/en-us/articles/35947465569049-Beam-End-Offsets
DB.PDEL,DB,/DB/PDEL,"POST, GET, PUT, DELETE",,,yes,5,Analysis,P-Delta Analysis Control,https://support.midasuser.com/hc/en-us/articles/35989163268249-P-Delta-Analysis-Control
DB.PHGE,DB,/DB/PHGE,"POST, GET, PUT, DELETE",,,yes,4,Pushover,Assign Pushover Hinge Properties,https://support.midasuser.com/hc/en-us/articles/35992838417049-Assign-Pushover-Hinge-Properties
DB.PJCF,DB,/DB/PJCF,"POST, GET, PUT, DELETE",,,yes,20,Project,Project Information,https://support.midasuser.com/hc/en-us/articles/35801869341337-Project-Information
DB.PLCB,DB,/DB/PLCB,"POST, GET, PUT, DELETE",,,yes,1,Miscellaneous Loads,Pre-composite Section,https://support.midasuser.com/hc/en-us/articles/35988644139673-Pre-composite-Section
DB.PNLA,DB,/DB/PNLA,"POST, GET, PUT, DELETE",,,yes,19,Static Loads,Assign Plane Loads,https://support.midasuser.com/hc/en-us/articles/35953557411993-Assign-Plane-Loads
DB.PNLD,DB,/DB/PNLD,"POST, GET, PUT, DELETE",,,yes,24,Static Loads,Define Plane Load Type,https://support.midasuser.com/hc/en-us/articles/35953492119321-Define-Plane-Load-Type
DB.POGD,DB,/DB/POGD,"POST, GET, PUT, DELETE",,,yes,86,Pushover,Pushover Analysis Control Data,https://support.midasuser.com/hc/en-us/articles/35992664632601-Pushover-Analysis-Control-Data
DB.POGD-M1,DB,/DB/POGD-M1,"GET, PUT, DELETE",,HYPER_S,yes,74,Pushover,Pushover Global Control,https://support.midasuser.com/hc/en-us/articles/56511008007705-Pushover-Global-Control
DB.POLC,DB,/DB/POLC,"POST, GET, PUT, DELETE",,,yes,38,Pushover,Pushover Load Cases,https://support.midasuser.com/hc/en-us/articles/35993449470489-Pushover-Load-Cases
DB.POLC-M1,DB,/DB/POLC-M1,"POST, GET, PUT, DELETE",,HYPER_S,yes,36,Pushover,Pushover Load Case,https://support.midasuser.com/hc/en-us/articles/56506753403673-Pushover-Load-Case
DB.POSL,DB,/DB/POSL,"POST, GET, PUT, DELETE",,,yes,13,Static Loads,Parameter of Seismic Loads,https://support.midasuser.com/hc/en-us/articles/49511410691609-Parameter-of-Seismic-Loads
DB.POSP,DB,/DB/POSP,"POST, GET, PUT, DELETE",,,yes,13,Static Loads,Parameter of Soil Properties,https://support.midasuser.com/hc/en-us/articles/49510865840537-Parameter-of-Soil-Properties
DB.PRES,DB,/DB/PRES,"POST, GET, PUT, DELETE",,,yes,20,Static Loads,Assign Pressure Loads,https://support.midasuser.com/hc/en-us/articles/35953322434457-Assign-Pressure-Loads
DB.PRLS,DB,/DB/PRLS,"POST, GET, PUT, DELETE",,,yes,7,Boundary,Plate End Release,https://support.midasuser.com/hc/en-us/articles/35947668757017-Plate-End-Release
DB.PRST,DB,/DB/PRST,"POST, GET, PUT, DELETE",,,yes,9,Prestress Loads,Prestress Beam Loads,https://support.midasuser.com/hc/en-us/articles/35954744402713-Prestress-Beam-Loads
DB.PSLT,DB,/DB/PSLT,"POST, GET, PUT, DELETE",,,yes,23,Static Loads,Define Pressure Load Type,https://support.midasuser.com/hc/en-us/articles/35953165879833-Define-Pressure-Load-Type
DB.PSSF,DB,/DB/PSSF,"POST, GET, PUT, DELETE",,,yes,11,Properties,Section Manager - Plate Stiffness Scale Factor,https://support.midasuser.com/hc/en-us/articles/35943557337753-Section-Manager-Plate-Stiffness-Scale-Factor
DB.PTNS,DB,/DB/PTNS,"POST, GET, PUT, DELETE",,,yes,5,Prestress Loads,Pretension Loads,https://support.midasuser.com/hc/en-us/articles/35954793469593-Pretension-Loads
DB.PZEF,DB,/DB/PZEF,"POST, GET, PUT",,,yes,3,Boundary,Panel Zone Effects,https://support.midasuser.com/hc/en-us/articles/35950231812505-Panel-Zone-Effects
DB.RCHK,DB,/DB/RCHK,"POST, GET, PUT, DELETE",,,yes,41,Design,Rebar Input for Checking - Beam/Column,https://support.midasuser.com/hc/en-us/articles/35993850335897-Rebar-Input-for-Checking-Beam-Column
DB.RIGD,DB,/DB/RIGD,"POST, GET, PUT, DELETE",,,yes,5,Boundary,Rigid Link,https://support.midasuser.com/hc/en-us/articles/35946584247193-Rigid-Link
DB.RPSC,DB,/DB/RPSC,"POST, GET, PUT, DELETE",,,yes,34,Properties,Section Manager - Reinforcements,https://support.midasuser.com/hc/en-us/articles/35943227821465-Section-Manager-Reinforcements
DB.SBDO,DB,/DB/SBDO,"POST, GET, PUT, DELETE",,,yes,24,Node/Element,Define Sub-Domain,https://support.midasuser.com/hc/en-us/articles/35807304820761-Define-Sub-Domain
DB.SDHY,DB,/DB/SDHY,"POST, GET, PUT, DELETE",,,yes,18,Boundary,Seismic Device - Hysteretic Isolator(MSS),https://support.midasuser.com/hc/en-us/articles/35948292269977-Seismic-Device-Hysteretic-Isolator-MSS
DB.SDIS,DB,/DB/SDIS,"POST, GET, PUT, DELETE",,,yes,39,Boundary,Seismic Device - Isolator(MSS),https://support.midasuser.com/hc/en-us/articles/35948330042649-Seismic-Device-Isolator-MSS
DB.SDSP,DB,/DB/SDSP,"POST, GET, PUT, DELETE",,,yes,7,Static Loads,Specified Displacements of Support,https://support.midasuser.com/hc/en-us/articles/35952933108761-Specified-Displacements-of-Support
DB.SDST,DB,/DB/SDST,"POST, GET, PUT, DELETE",,,yes,25,Boundary,Seismic Device - Steel Damper,https://support.midasuser.com/hc/en-us/articles/35948150053529-Seismic-Device-Steel-Damper
DB.SDVE,DB,/DB/SDVE,"POST, GET, PUT, DELETE",,,yes,23,Boundary,Seismic Device - Viscoelastic Damper,https://support.midasuser.com/hc/en-us/articles/35948062417049-Seismic-Device-Viscoelastic-Damper
DB.SDVI,DB,/DB/SDVI,"POST, GET, PUT, DELETE",,,yes,25,Boundary,Seismic Device - Viscous Damper/Oil Damper,https://support.midasuser.com/hc/en-us/articles/35947995586713-Seismic-Device-Viscous-Damper-Oil-Damper
DB.SECF,DB,/DB/SECF,"POST, GET, PUT, DELETE",,,yes,23,Properties,Section Manager - Stiffness,https://support.midasuser.com/hc/en-us/articles/35943174833177-Section-Manager-Stiffness
DB.SECT,DB,/DB/SECT,"POST, GET, PUT, DELETE",,,yes,108,Properties,Section Properties - Common,https://support.midasuser.com/hc/en-us/articles/35808653964185-Section-Properties-Common
DB.SINF,DB,/DB/SINF,"POST, GET, PUT, DELETE",,,yes,1,Moving Loads,Plate Element for Influence Surface,https://support.midasuser.com/hc/en-us/articles/35962659347481-Plate-Element-for-Influence-Surface
DB.SKEW,DB,/DB/SKEW,"POST, GET, PUT, DELETE",,,yes,35,Node/Element,Node Local Axis,https://support.midasuser.com/hc/en-us/articles/35807178748569-Node-Local-Axis
DB.SLAN,DB,/DB/SLAN,"POST, GET, PUT, DELETE",,,yes,37,Moving Loads,Traffic Surface Lanes,https://support.midasuser.com/hc/en-us/articles/35956862556313-Traffic-Surface-Lanes
DB.SLANCH,DB,/DB/SLANCH,"POST, GET, PUT, DELETE",,,yes,13,Moving Loads,Traffic Surface Lanes - China,https://support.midasuser.com/hc/en-us/articles/35956917206425-Traffic-Surface-Lanes-China
DB.SLANOP,DB,/DB/SLANOP,"POST, GET, PUT, DELETE",,,yes,36,Moving Loads,Traffic Surface Lanes - Moving Load Optimization,https://support.midasuser.com/hc/en-us/articles/35956982840473-Traffic-Surface-Lanes-Moving-Load-Optimization
DB.SMCT,DB,/DB/SMCT,"POST, GET, PUT, DELETE",,,yes,2,Analysis,Settlement Analysis Control Data,https://support.midasuser.com/hc/en-us/articles/35990184995481-Settlement-Analysis-Control-Data
DB.SMLC,DB,/DB/SMLC,"POST, GET, PUT, DELETE",,,yes,7,Settlement Loads,Settlement Load Cases,https://support.midasuser.com/hc/en-us/articles/35988560566425-Settlement-Load-Cases
DB.SMPT,DB,/DB/SMPT,"POST, GET, PUT, DELETE",,,yes,3,Settlement Loads,Settlement Group,https://support.midasuser.com/hc/en-us/articles/35988516836633-Settlement-Group
DB.SPAN,DB,/DB/SPAN,"POST, GET, PUT, DELETE",,,yes,9,Structure,Span Information,https://support.midasuser.com/hc/en-us/articles/35805957502233-Span-Information
DB.SPFC,DB,/DB/SPFC,"POST, GET, PUT, DELETE",,,yes,10,Dynamic Loads,Response Spectrum Functions - User Type,https://support.midasuser.com/hc/en-us/articles/35963686253593-Response-Spectrum-Functions-User-Type
DB.SPLC,DB,/DB/SPLC,"POST, GET, PUT, DELETE",,,yes,51,Dynamic Loads,Response Spectrum Load Cases,https://support.midasuser.com/hc/en-us/articles/35963719599641-Response-Spectrum-Load-Cases
DB.SSEIS,DB,/DB/SSEIS,"POST, GET, PUT, DELETE",,,yes,33,Static Loads,Static Seismic Load - KDS(41-17-00:2019),https://support.midasuser.com/hc/en-us/articles/58908676674585-Static-Seismic-Load-KDS-41-17-00-2019
DB.SSPS,DB,/DB/SSPS,"POST, GET, PUT, DELETE",,,yes,8,Boundary,Surface Spring,https://support.midasuser.com/hc/en-us/articles/35946218805785-Surface-Spring
DB.STAG,DB,/DB/STAG,"POST, GET, PUT, DELETE",,,yes,23,Construction Stage Loads,Define Construction Stage,https://support.midasuser.com/hc/en-us/articles/35987578396697-Define-Construction-Stage
DB.STBK,DB,/DB/STBK,"POST, GET, PUT, DELETE",,,yes,7,Construction Stage Loads,Set-Back Loads for Nonlinear Construction Stage,https://support.midasuser.com/hc/en-us/articles/35987833076505-Set-Back-Loads-for-Nonlinear-Construction-Stage
DB.STCT,DB,/DB/STCT,"POST, GET, PUT, DELETE",,,yes,148,Analysis,Construction Stage Analysis Control Data,https://support.midasuser.com/hc/en-us/articles/35990281053465-Construction-Stage-Analysis-Control-Data
DB.STCT-M1,DB,/DB/STCT-M1,"GET, PUT, DELETE",,HYPER_S,yes,113,Analysis,Construction Stage Analysis Control Data,https://support.midasuser.com/hc/en-us/articles/57053813627673-Construction-Stage-Analysis-Control-Data
DB.STLD,DB,/DB/STLD,"POST, GET, PUT, DELETE",,,yes,72,Static Loads,Static Load Cases,https://support.midasuser.com/hc/en-us/articles/35952651947801-Static-Load-Cases
DB.STMP,DB,/DB/STMP,"POST, GET, PUT, DELETE",,,yes,3,Temperature Loads,System Temperature,https://support.midasuser.com/hc/en-us/articles/35954219102233-System-Temperature
DB.STOR,DB,/DB/STOR,"POST, GET, PUT, DELETE",,,yes,15,Structure,Story Data,https://support.midasuser.com/hc/en-us/articles/49513466793113-Story-Data
DB.STRPSSM,DB,/DB/STRPSSM,"POST, GET, PUT, DELETE",,,yes,9,Properties,Section Manager - Stress Points,https://support.midasuser.com/hc/en-us/articles/35943448721177-Section-Manager-Stress-Points
DB.STYP,DB,/DB/STYP,"GET, PUT",,,yes,12,Project,Structure Type,https://support.midasuser.com/hc/en-us/articles/35802404495257-Structure-Type
DB.STYP-M1,DB,/DB/STYP-M1,"GET, PUT, DELETE",,HYPER_S,yes,12,Project,Structure Type,https://support.midasuser.com/hc/en-us/articles/56375311138201-Structure-Type
DB.SWIND,DB,/DB/SWIND,,,,yes,60,Static Loads,Static Wind Load - KDS(41-12:2022),https://support.midasuser.com/hc/en-us/articles/58908673370521-Static-Wind-Load-KDS-41-12-2022
DB.TDCS,DB,/DB/TDCS,"POST, GET, PUT, DELETE",,,yes,3,Prestress Loads,Tendon Location for Composite Section,https://support.midasuser.com/hc/en-us/articles/35954649371545-Tendon-Location-for-Composite-Section
DB.TDGR,DB,/DB/TDGR,"POST, GET, PUT, DELETE",,,yes,1,Project,Tendon Group,https://support.midasuser.com/hc/en-us/articles/35805198736793-Tendon-Group
DB.TDME,DB,/DB/TDME,"POST, GET, PUT, DELETE",,,yes,97,Properties,Time Dependent Material Properties - Compressive Strength,https://support.midasuser.com/hc/en-us/articles/35808102389401-Time-Dependent-Material-Properties-Compressive-Strength
DB.TDMF,DB,/DB/TDMF,"POST, GET, PUT, DELETE",,,yes,11,Properties,Time Dependent Material Properties - User Defined,https://support.midasuser.com/hc/en-us/articles/35807665049369-Time-Dependent-Material-Properties-User-Defined
DB.TDMT,DB,/DB/TDMT,"POST, GET, PUT, DELETE",,,yes,174,Properties,Time Dependent Material Properties - Creep/Shrinkage,https://support.midasuser.com/hc/en-us/articles/35808006330009-Time-Dependent-Material-Properties-Creep-Shrinkage
DB.TDNA,DB,/DB/TDNA,"POST, GET, PUT, DELETE",,,yes,78,Prestress Loads,Tendon Profile,https://support.midasuser.com/hc/en-us/articles/35954555962137-Tendon-Profile
DB.TDNT,DB,/DB/TDNT,"POST, GET, PUT, DELETE",,,yes,78,Prestress Loads,Tendon Property,https://support.midasuser.com/hc/en-us/articles/35954451663513-Tendon-Property
DB.TDPL,DB,/DB/TDPL,"POST, GET, PUT, DELETE",,,yes,10,Prestress Loads,Tendon Prestress,https://support.midasuser.com/hc/en-us/articles/35954702397209-Tendon-Prestress
DB.THFC,DB,/DB/THFC,"POST, GET, PUT, DELETE",,,yes,18,Dynamic Loads,Time History Functions,https://support.midasuser.com/hc/en-us/articles/35964507702937-Time-History-Functions
DB.THGA,DB,/DB/THGA,"POST, GET, PUT, DELETE",,,yes,11,Dynamic Loads,Ground Acceleration,https://support.midasuser.com/hc/en-us/articles/35964590740633-Ground-Acceleration
DB.THGC,DB,/DB/THGC,"POST, GET, PUT, DELETE",,,yes,29,Dynamic Loads,Time History Global Control,https://support.midasuser.com/hc/en-us/articles/35963819140505-Time-History-Global-Control
DB.THGC-M1,DB,/DB/THGC-M1,"GET, PUT, DELETE",,HYPER_S,yes,52,Dynamic Loads,Time History Global Control,https://support.midasuser.com/hc/en-us/articles/56510942223513-Time-History-Global-Control
DB.THIK,DB,/DB/THIK,"POST, GET, PUT, DELETE",,,yes,7,Properties,Thickness - Value,https://support.midasuser.com/hc/en-us/articles/35942236652697-Thickness-Value
DB.THIS,DB,/DB/THIS,"POST, GET, PUT, DELETE",,,yes,113,Dynamic Loads,Time History Load Cases,https://support.midasuser.com/hc/en-us/articles/35963903917593-Time-History-Load-Cases
DB.THIS-M1,DB,/DB/THIS-M1,"POST, GET, PUT, DELETE",,HYPER_S,yes,203,Dynamic Loads,Time History Load Cases,https://support.midasuser.com/hc/en-us/articles/56538335819673-Time-History-Load-Cases
DB.THMS,DB,/DB/THMS,"POST, GET, PUT, DELETE",,,yes,13,Dynamic Loads,Multiple Support Excitation,https://support.midasuser.com/hc/en-us/articles/35964708397081-Multiple-Support-Excitation
DB.THNL,DB,/DB/THNL,"POST, GET, PUT, DELETE",,,yes,7,Dynamic Loads,Dynamic Nodal Loads,https://support.midasuser.com/hc/en-us/articles/35964586306841-Dynamic-Nodal-Loads
DB.THOO-M1,DB,/DB/THOO-M1,"GET, PUT, DELETE",,HYPER_S,yes,10,Dynamic Loads,Time History Output Option,https://support.midasuser.com/hc/en-us/articles/56371398681241-Time-History-Output-Option
DB.THRE,DB,/DB/THRE,"POST, GET, PUT, DELETE",,,yes,7,Time History Analysis Results,Time History Graph - Element Force Smart Graph,https://support.midasuser.com/hc/en-us/articles/39236753314073-Time-History-Graph-Element-Force-Smart-Graph
DB.THRG,DB,/DB/THRG,"POST, GET, PUT, DELETE",,,yes,5,Time History Analysis Results,Time History Graph - General Link Smart Graph,https://support.midasuser.com/hc/en-us/articles/35992341376025-Time-History-Graph-General-Link-Smart-Graph
DB.THRI,DB,/DB/THRI,"POST, GET, PUT, DELETE",,,yes,7,Time History Analysis Results,Time History Graph - Inelastic Hinge Smart Graph,https://support.midasuser.com/hc/en-us/articles/35992399685017-Time-History-Graph-Inelastic-Hinge-Smart-Graph
DB.THRS,DB,/DB/THRS,"POST, GET, PUT, DELETE",,,yes,4,Time History Analysis Results,Time History Graph - Seismic Devices Smart Graph,https://support.midasuser.com/hc/en-us/articles/35992460196121-Time-History-Graph-Seismic-Devices-Smart-Graph
DB.THSL,DB,/DB/THSL,"POST, GET, PUT, DELETE",,,yes,5,Dynamic Loads,Time Varying Static Loads,https://support.midasuser.com/hc/en-us/articles/35964656837785-Time-Varying-Static-Loads
DB.TMAT,DB,/DB/TMAT,"POST, GET, PUT, DELETE",,,yes,2,Properties,Time Dependent Material Link,https://support.midasuser.com/hc/en-us/articles/35808280891033-Time-Dependent-Material-Link
DB.TMLD,DB,/DB/TMLD,"POST, GET, PUT, DELETE",,,yes,4,Construction Stage Loads,Time Loads for Construction Stage,https://support.midasuser.com/hc/en-us/articles/35987743311385-Time-Loads-for-Construction-Stage
DB.TSGR,DB,/DB/TSGR,"POST, GET, PUT, DELETE",,,yes,11,Properties,Tapered Group,https://support.midasuser.com/hc/en-us/articles/35942955627673-Tapered-Group
DB.ULFC,DB,/DB/ULFC,"POST, GET, PUT, DELETE",,,yes,15,Bridge Specialization Results,Cable Control - Unknown Load Factor Constraints,https://support.midasuser.com/hc/en-us/articles/35991960319897-Cable-Control-Unknown-Load-Factor-Constraints
DB.UNIT,DB,/DB/UNIT,"GET, PUT",,,yes,4,Project,Unit System,https://support.midasuser.com/hc/en-us/articles/35802155483801-Unit-System
DB.VBEM,DB,/DB/VBEM,"POST, GET, PUT, DELETE",,,yes,2,Properties,Section Manager - Section for Resultant Forces - Virtual Beam,https://support.midasuser.com/hc/en-us/articles/35943802727065-Section-Manager-Section-for-Resultant-Forces-Virtual-Beam
DB.VSEC,DB,/DB/VSEC,"POST, GET, PUT, DELETE",,,yes,10,Properties,Section Manager - Section for Resultant Forces - Virtual Section,https://support.midasuser.com/hc/en-us/articles/35943859944729-Section-Manager-Section-for-Resultant-Forces-Virtual-Section
DB.WMAK,DB,/DB/WMAK,"POST, GET, PUT, DELETE",,,,2,Design,Modify Wall Mark Design,https://support.midasuser.com/hc/en-us/articles/49513846785817-Modify-Wall-Mark-Design
DB.WVLD,DB,/DB/WVLD,"POST, GET, PUT, DELETE",,,yes,87,Miscellaneous Loads,Wave Loads,https://support.midasuser.com/hc/en-us/articles/35988728179097-Wave-Loads
DOC.ANAL,DOC,/DOC/ANAL,POST,,,yes,4,DOC,Perform Analysis,https://support.midasuser.com/hc/en-us/articles/35685160815897-Perform-Analysis
DOC.CLOSE,DOC,/DOC/CLOSE,POST,,,yes,1,DOC,Close Project,https://support.midasuser.com/hc/en-us/articles/35994162529305-Close-Project
DOC.EXPORT,DOC,/DOC/EXPORT,POST,,,yes,1,DOC,Export to Json,https://support.midasuser.com/hc/en-us/articles/35994422273305-Export-to-Json
DOC.EXPORTMXT,DOC,/DOC/EXPORTMXT,POST,,,yes,1,DOC,Export to mct/mgt,https://support.midasuser.com/hc/en-us/articles/35994462805017-Export-to-mct-mgt
DOC.IMPORT,DOC,/DOC/IMPORT,POST,,,yes,1,DOC,Import to Json,https://support.midasuser.com/hc/en-us/articles/35994338816793-Import-to-Json
DOC.IMPORTMXT,DOC,/DOC/IMPORTMXT,POST,,,yes,1,DOC,Import to mct/mgt,https://support.midasuser.com/hc/en-us/articles/35994365225113-Import-to-mct-mgt
DOC.NEW,DOC,/DOC/NEW,POST,,,yes,1,DOC,New Project,https://support.midasuser.com/hc/en-us/articles/35994078198681-New-Project
DOC.OPEN,DOC,/DOC/OPEN,POST,,,yes,1,DOC,Open Project,https://support.midasuser.com/hc/en-us/articles/35994112560793-Open-Project
DOC.SAVE,DOC,/DOC/SAVE,POST,,,yes,1,DOC,Save,https://support.midasuser.com/hc/en-us/articles/35994210207513-Save
DOC.SAVEAS,DOC,/DOC/SAVEAS,POST,,,yes,1,DOC,Save As,https://support.midasuser.com/hc/en-us/articles/35994277012377-Save-As
DOC.STAGAS,DOC,/DOC/STAGAS,POST,,,,2,DOC,Save Current Stage As,https://support.midasuser.com/hc/en-us/articles/50707525717401-Save-Current-Stage-As
OPE.AUTOMESH,OPE,/OPE/AUTOMESH,POST,,,yes,29,OPE,Auto-Mesh Planar Area,https://support.midasuser.com/hc/en-us/articles/35736427971225-Auto-Mesh-Planar-Area
OPE.DIVIDEELEM,OPE,/OPE/DIVIDEELEM,POST,,,yes,39,OPE,Divide Elements,https://support.midasuser.com/hc/en-us/articles/35994694310937-Divide-Elements
OPE.EDMP,OPE,/OPE/EDMP,POST,,,yes,9,OPE,Change Property,https://support.midasuser.com/hc/en-us/articles/39772649347865-Change-Property
OPE.GSBG,OPE,/OPE/GSBG,POST,,,yes,22,OPE,Bridge Girder Diagrams,https://support.midasuser.com/hc/en-us/articles/59870138081177-Bridge-Girder-Diagrams
OPE.GUSTFACTOR,OPE,/OPE/GUSTFACTOR,POST,,,yes,31,OPE,Gust Factor Calculator,https://support.midasuser.com/hc/en-us/articles/59050520760473-Gust-Factor-Calculator
OPE.LCOM-CONC,OPE,/OPE/LCOM-CONC,POST,,,yes,58,OPE,Load Combination (Concrete) - KDS 41 20 : 2022,https://support.midasuser.com/hc/en-us/articles/59054699524889-Load-Combination-Concrete-KDS-41-20-2022
OPE.LCOM-GEN,OPE,/OPE/LCOM-GEN,POST,,,yes,163,OPE,Load Combination (General) - KDS : 2022,https://support.midasuser.com/hc/en-us/articles/59057595762329-Load-Combination-General-KDS-2022
OPE.LCOM-SRC,OPE,/OPE/LCOM-SRC,POST,,,yes,54,OPE,Load Combination (SRC) - KDS 41 SRC : 2022,https://support.midasuser.com/hc/en-us/articles/59057831082265-Load-Combination-SRC-KDS-41-SRC-2022
OPE.LCOM-STEEL,OPE,/OPE/LCOM-STEEL,POST,,,yes,56,OPE,Load Combination (Steel) - KDS 41 30 : 2022,https://support.midasuser.com/hc/en-us/articles/59054671269145-Load-Combination-Steel-KDS-41-30-2022
OPE.LINEBMLD,OPE,/OPE/LINEBMLD,POST,,,yes,34,OPE,Line Beam Load,https://support.midasuser.com/hc/en-us/articles/35994879160857-Line-Beam-Load
OPE.MEMB,OPE,/OPE/MEMB,POST,,,,4,OPE,Member Assignment,https://support.midasuser.com/hc/en-us/articles/49514964272665-Member-Assignment
OPE.PROJECTSTATUS,OPE,/OPE/PROJECTSTATUS,GET,,,,0,OPE,Project Status,https://support.midasuser.com/hc/en-us/articles/35994678976281-Project-Status
OPE.SECTPROP,OPE,/OPE/SECTPROP,GET,,,,0,OPE,Section Properties Calculation Results,https://support.midasuser.com/hc/en-us/articles/35994769341081-Section-Properties-Calculation-Results
OPE.SSPS,OPE,/OPE/SSPS,POST,,,yes,38,OPE,Surface Spring,https://support.midasuser.com/hc/en-us/articles/39772183634329-Surface-Spring
OPE.STOR,OPE,/OPE/STOR,POST,,,,6,OPE,Story Calc OPT,https://support.midasuser.com/hc/en-us/articles/49514653408793-Story-Calc-OPT
OPE.STORPROP,OPE,/OPE/STORPROP,POST,,,,4,OPE,Story Properties,https://support.midasuser.com/hc/en-us/articles/49514773501721-Story-Properties
OPE.STORY_IRR_PARAM,OPE,/OPE/STORY_IRR_PARAM,"GET, POST",,,,5,OPE,Story Irregularity Check Parameter,https://support.midasuser.com/hc/en-us/articles/49514751862425-Story-Irregularity-Check-Parameter
OPE.STORY_PARAM,OPE,/OPE/STORY_PARAM,"GET, POST",,,,1,OPE,Story Check Parameter,https://support.midasuser.com/hc/en-us/articles/49514705474457-Story-Check-Parameter
OPE.USLC,OPE,/OPE/USLC,POST,,,yes,23,OPE,Using Load Combinations,https://support.midasuser.com/hc/en-us/articles/35994827741465-Using-Load-Combinations
POST.PM,POST,/POST/PM,POST,,,yes,1,Design,P-M Interaction Diagram,https://support.midasuser.com/hc/en-us/articles/36021337973017-P-M-Interaction-Diagram
POST.STEELCODECHECK,POST,/POST/STEELCODECHECK,POST,,,yes,12,Design,Steel Code Check,https://support.midasuser.com/hc/en-us/articles/44662732910233-Steel-Code-Check
POST.TABLE.AXISYMMETRICFG,POST,/POST/TABLE,POST,AXISYMMETRICFG,,yes,24,Analysis Result Table,Axisymmetric Force (Global) - Analysis Result Table,https://support.midasuser.com/hc/en-us/articles/36014441528985-Axisymmetric-Force-Global-Analysis-Result-Table
POST.TABLE.AXISYMMETRICFL,POST,/POST/TABLE,POST,AXISYMMETRICFL,,yes,24,Analysis Result Table,Axisymmetric Force (Local) - Analysis Result Table,https://support.midasuser.com/hc/en-us/articles/36014348032409-Axisymmetric-Force-Local-Analysis-Result-Table
POST.TABLE.AXISYMMETRICSG,POST,/POST/TABLE,POST,AXISYMMETRICSG,,yes,27,Analysis Result Table,Axisymmetric Stress (Global) - Analysis Result Table,https://support.midasuser.com/hc/en-us/articles/36014957537433-Axisymmetric-Stress-Global-Analysis-Result-Table
POST.TABLE.AXISYMMETRICSL,POST,/POST/TABLE,POST,AXISYMMETRICSL,,yes,27,Analysis Result Table,Axisymmetric Stress (Local) - Analysis Result Table,https://support.midasuser.com/hc/en-us/articles/36014896433945-Axisymmetric-Stress-Local-Analysis-Result-Table
POST.TABLE.BEAMDESIGNFORCES,POST,/POST/TABLE,POST,BEAMDESIGNFORCES,,,20,Design,Concrete Design - Beam Design Forces,https://support.midasuser.com/hc/en-us/articles/49514295460889-Concrete-Design-Beam-Design-Forces
POST.TABLE.BEAMFORCE,POST,/POST/TABLE,POST,BEAMFORCE,,yes,26,Analysis Result Table,Beam Force - Analysis Result Table,https://support.midasuser.com/hc/en-us/articles/36011262919705-Beam-Force-Analysis-Result-Table
POST.TABLE.BEAMFORCESTP,POST,/POST/TABLE,POST,BEAMFORCESTP,,yes,21,Analysis Result Table,Beam Force (Static Prestress) - Analysis Result Table,https://support.midasuser.com/hc/en-us/articles/36011373070745-Beam-Force-Static-Prestress-Analysis-Result-Table
POST.TABLE.BEAMFORCEVBM,POST,/POST/TABLE,POST,BEAMFORCEVBM,,yes,26,Analysis Result Table,Beam Force - Analysis Result Table,https://support.midasuser.com/hc/en-us/articles/36011262919705-Beam-Force-Analysis-Result-Table
POST.TABLE.BEAMSTRESS,POST,/POST/TABLE,POST,BEAMSTRESS,,yes,32,Analysis Result Table,Beam Stress - Analysis Result Table,https://support.midasuser.com/hc/en-us/articles/36011455813273-Beam-Stress-Analysis-Result-Table
POST.TABLE.BEAMSTRESS7DOF,POST,/POST/TABLE,POST,BEAMSTRESS7DOF,,yes,32,Analysis Result Table,Beam Stress - Analysis Result Table,https://support.midasuser.com/hc/en-us/articles/36011455813273-Beam-Stress-Analysis-Result-Table
POST.TABLE.BEAMSTRESS7DOFPSC,POST,/POST/TABLE,POST,BEAMSTRESS7DOFPSC,,yes,25,Analysis Result Table,Beam Stress (PSC) - Analysis Result Table,https://support.midasuser.com/hc/en-us/articles/36011704177561-Beam-Stress-PSC-Analysis-Result-Table
POST.TABLE.BEAMSTRESSDETAIL,POST,/POST/TABLE,POST,BEAMSTRESSDETAIL,,yes,25,Analysis Result Table,Beam Stress (Equivalent) - Analysis Result Table,https://support.midasuser.com/hc/en-us/articles/36011572000153-Beam-Stress-Equivalent-Analysis-Result-Table
POST.TABLE.BEAMSTRESSPSC,POST,/POST/TABLE,POST,BEAMSTRESSPSC,,yes,25,Analysis Result Table,Beam Stress (PSC) - Analysis Result Table,https://support.midasuser.com/hc/en-us/articles/36011704177561-Beam-Stress-PSC-Analysis-Result-Table
POST.TABLE.BEAMSTRESSVBM,POST,/POST/TABLE,POST,BEAMSTRESSVBM,,yes,32,Analysis Result Table,Beam Stress - Analysis Result Table,https://support.midasuser.com/hc/en-us/articles/36011455813273-Beam-Stress-Analysis-Result-Table
POST.TABLE.BRACEDESIGNFORCES,POST,/POST/TABLE,POST,BRACEDESIGNFORCES,,,20,Design,Concrete Design - Brace Design Forces,https://support.midasuser.com/hc/en-us/articles/49514395318041-Concrete-Design-Brace-Design-Forces
POST.TABLE.BUCKLINGMODE,POST,/POST/TABLE,POST,BUCKLINGMODE,,yes,20,Analysis Result Table,Buckling Mode Shape - Analysis Result Table,https://support.midasuser.com/hc/en-us/articles/36017712087065-Buckling-Mode-Shape-Analysis-Result-Table
POST.TABLE.CABLECONFIG,POST,/POST/TABLE,POST,CABLECONFIG,,yes,23,Analysis Result Table,Cable Configuration - Analysis Result Table,https://support.midasuser.com/hc/en-us/articles/36011013418905-Cable-Configuration-Analysis-Result-Table
POST.TABLE.CABLEEFFICIENCY,POST,/POST/TABLE,POST,CABLEEFFICIENCY,,yes,23,Analysis Result Table,Cable Efficiency - Analysis Result Table,https://support.midasuser.com/hc/en-us/articles/36011176175385-Cable-Efficiency-Analysis-Result-Table
POST.TABLE.CABLEEFFIENCY,POST,/POST/TABLE,POST,CABLEEFFIENCY,,yes,23,Analysis Result Table,Cable Efficiency - Analysis Result Table,https://support.midasuser.com/hc/en-us/articles/36011176175385-Cable-Efficiency-Analysis-Result-Table
POST.TABLE.CABLEFORCE,POST,/POST/TABLE,POST,CABLEFORCE,,yes,23,Analysis Result Table,Cable Force - Analysis Result Table,https://support.midasuser.com/hc/en-us/articles/36010315199001-Cable-Force-Analysis-Result-Table
POST.TABLE.CAPACITY_IRREGULARITY,POST,/POST/TABLE,POST,CAPACITY_IRREGULARITY,,,15,Analysis Story Table,Capacity Irregularity Check(Weak Story) - Story Result Table,https://support.midasuser.com/hc/en-us/articles/49513198751385-Capacity-Irregularity-Check-Weak-Story-Story-Result-Table
POST.TABLE.COLDFORMEDSTEELMEMBERDESIGNFORCES,POST,/POST/TABLE,POST,COLDFORMEDSTEELMEMBERDESIGNFORCES,,,20,Design,Cold Formed Design - Cold Formed Steel Member Design Forces,https://support.midasuser.com/hc/en-us/articles/49514621265305-Cold-Formed-Design-Cold-Formed-Steel-Member-Design-Forces
POST.TABLE.COLUMNDESIGNFORCES,POST,/POST/TABLE,POST,COLUMNDESIGNFORCES,,,20,Design,Concrete Design - Column Design Forces,https://support.midasuser.com/hc/en-us/articles/49514320078489-Concrete-Design-Column-Design-Forces
POST.TABLE.COMPSECTBEAMFORCE,POST,/POST/TABLE,POST,COMPSECTBEAMFORCE,,yes,24,Analysis Result Table,Composite Section for C.S. (Force and Stress) - Analysis Result Table,https://support.midasuser.com/hc/en-us/articles/36018521410457-Composite-Section-for-C-S-Force-and-Stress-Analysis-Result-Table
POST.TABLE.COMPSECTBEAMSTRESS,POST,/POST/TABLE,POST,COMPSECTBEAMSTRESS,,yes,24,Analysis Result Table,Composite Section for C.S. (Force and Stress) - Analysis Result Table,https://support.midasuser.com/hc/en-us/articles/36018521410457-Composite-Section-for-C-S-Force-and-Stress-Analysis-Result-Table
POST.TABLE.CONCURRENT_JOINT_FORCE,POST,/POST/TABLE,POST,CONCURRENT_JOINT_FORCE,,yes,21,Analysis Result Table,Concurrent Joint Force Table,https://support.midasuser.com/hc/en-us/articles/59520540732185-Concurrent-Joint-Force-Table
POST.TABLE.CRITERIA_FOR_REGULARITY_IN_PLAN,POST,/POST/TABLE,POST,CRITERIA_FOR_REGULARITY_IN_PLAN,,,12,Analysis Story Table,Criteria for Regularity in Plan - Story Result Table,https://support.midasuser.com/hc/en-us/articles/49513284077721-Criteria-for-Regularity-in-Plan-Story-Result-Table
POST.TABLE.DISPLACEMENTG,POST,/POST/TABLE,POST,DISPLACEMENTG,,yes,24,Analysis Result Table,Displacements - Analysis Result Table,https://support.midasuser.com/hc/en-us/articles/36009638400281-Displacements-Analysis-Result-Table
POST.TABLE.DISPLACEMENTL,POST,/POST/TABLE,POST,DISPLACEMENTL,,yes,24,Analysis Result Table,Displacements - Analysis Result Table,https://support.midasuser.com/hc/en-us/articles/36009638400281-Displacements-Analysis-Result-Table
POST.TABLE.EFFECTIVE_LENGTH_BEAM,POST,/POST/TABLE,POST,EFFECTIVE_LENGTH_BEAM,,yes,12,Analysis Result Table,Effective Span Length - Analysis Result Table,https://support.midasuser.com/hc/en-us/articles/36017771824281-Effective-Span-Length-Analysis-Result-Table
POST.TABLE.EFFECTIVE_LENGTH_PLATE,POST,/POST/TABLE,POST,EFFECTIVE_LENGTH_PLATE,,yes,12,Analysis Result Table,Effective Span Length - Analysis Result Table,https://support.midasuser.com/hc/en-us/articles/36017771824281-Effective-Span-Length-Analysis-Result-Table
POST.TABLE.EFFECTIVE_LENGTH_TRUSS,POST,/POST/TABLE,POST,EFFECTIVE_LENGTH_TRUSS,,yes,12,Analysis Result Table,Effective Span Length - Analysis Result Table,https://support.midasuser.com/hc/en-us/articles/36017771824281-Effective-Span-Length-Analysis-Result-Table
POST.TABLE.EIGENVALUEMODE,POST,/POST/TABLE,POST,EIGENVALUEMODE,,yes,20,Analysis Result Table,Vibration Mode Shape - Analysis Result Table,https://support.midasuser.com/hc/en-us/articles/36017669319321-Vibration-Mode-Shape-Analysis-Result-Table
POST.TABLE.ELASTICLINK,POST,/POST/TABLE,POST,ELASTICLINK,,yes,25,Analysis Result Table,Elastic Link - Analysis Result Table,https://support.midasuser.com/hc/en-us/articles/36017416195737-Elastic-Link-Analysis-Result-Table
POST.TABLE.ELASTICLINKVBM,POST,/POST/TABLE,POST,ELASTICLINKVBM,,yes,25,Analysis Result Table,Elastic Link - Analysis Result Table,https://support.midasuser.com/hc/en-us/articles/36017416195737-Elastic-Link-Analysis-Result-Table
POST.TABLE.ELEMENTWEIGHT,POST,/POST/TABLE,POST,ELEMENTWEIGHT,,yes,10,Pre-Process Table,Element Weight Table,https://support.midasuser.com/hc/en-us/articles/36007474964249-Element-Weight-Table
POST.TABLE.ELEM_PROP_EACH_STAGE,POST,/POST/TABLE,POST,ELEM_PROP_EACH_STAGE,,yes,15,Analysis Result Table,Element Properties at Each Stage - Analysis Result Table,https://support.midasuser.com/hc/en-us/articles/36018688503065-Element-Properties-at-Each-Stage-Analysis-Result-Table
POST.TABLE.EQUILIBRIUM_ELEM_FORCE,POST,/POST/TABLE,POST,EQUILIBRIUM_ELEM_FORCE,,yes,12,Analysis Result Table,Equilibrium Element Nodal Force - Analysis Result Table,https://support.midasuser.com/hc/en-us/articles/36018955537177-Equilibrium-Element-Nodal-Force-Analysis-Result-Table
POST.TABLE.FIBR_ELASTREMAIN,POST,/POST/TABLE,POST,FIBR_ELASTREMAIN,GRID_MODEL,yes,13,Time History Result Table,Fiber Section Elastic Modulus Retention Rate - TH Result Table,https://support.midasuser.com/hc/en-us/articles/39237678441497-Fiber-Section-Elastic-Modulus-Retention-Rate-TH-Result-Table
POST.TABLE.FIBR_EVENTSTEP,POST,/POST/TABLE,POST,FIBR_EVENTSTEP,GRID_MODEL,yes,19,Time History Result Table,Fiber Section Event Step - TH Result Table,https://support.midasuser.com/hc/en-us/articles/39237785220505-Fiber-Section-Event-Step-TH-Result-Table
POST.TABLE.FIBR_MAXCONTRACT,POST,/POST/TABLE,POST,FIBR_MAXCONTRACT,GRID_MODEL,yes,20,Time History Result Table,Fiber Section Maximum Strain of The Cell - TH Result Table,https://support.midasuser.com/hc/en-us/articles/39237774129433-Fiber-Section-Maximum-Strain-of-The-Cell-TH-Result-Table
POST.TABLE.FIBR_MEANCOMPCONTRACT,POST,/POST/TABLE,POST,FIBR_MEANCOMPCONTRACT,GRID_MODEL,yes,20,Time History Result Table,Fiber Section Average Compression Strain - TH Result Table,https://support.midasuser.com/hc/en-us/articles/39237854424601-Fiber-Section-Average-Compression-Strain-TH-Result-Table
POST.TABLE.FIBR_YILEDSTRENGTH,POST,/POST/TABLE,POST,FIBR_YILEDSTRENGTH,,yes,20,Time History Result Table,Fiber Section Estimate Yield Strength - TH Result Table,https://support.midasuser.com/hc/en-us/articles/39237582598937-Fiber-Section-Estimate-Yield-Strength-TH-Result-Table
POST.TABLE.GENERAL_LINK_DEFORM,POST,/POST/TABLE,POST,GENERAL_LINK_DEFORM,,yes,25,Analysis Result Table,General Link - Analysis Result Table,https://support.midasuser.com/hc/en-us/articles/36017500761369-General-Link-Analysis-Result-Table
POST.TABLE.GENERAL_LINK_FORCE,POST,/POST/TABLE,POST,GENERAL_LINK_FORCE,,yes,25,Analysis Result Table,General Link - Analysis Result Table,https://support.midasuser.com/hc/en-us/articles/36017500761369-General-Link-Analysis-Result-Table
POST.TABLE.GENERAL_LINK_FORCEVBM,POST,/POST/TABLE,POST,GENERAL_LINK_FORCEVBM,,yes,25,Analysis Result Table,General Link - Analysis Result Table,https://support.midasuser.com/hc/en-us/articles/36017500761369-General-Link-Analysis-Result-Table
POST.TABLE.HEAT_HYDR_DISPLACEMENT,POST,/POST/TABLE,POST,HEAT_HYDR_DISPLACEMENT,,yes,20,Heat of Hydration Result Table,Displacement - HY Result Table,https://support.midasuser.com/hc/en-us/articles/36021071108377-Displacement-HY-Result-Table
POST.TABLE.HEAT_HYDR_PIPE_NODE_TEMP,POST,/POST/TABLE,POST,HEAT_HYDR_PIPE_NODE_TEMP,,yes,13,Heat of Hydration Result Table,Pipe Cooling Nodal Temperature - HY Result Table,https://support.midasuser.com/hc/en-us/articles/36021224509977-Pipe-Cooling-Nodal-Temperature-HY-Result-Table
POST.TABLE.HEAT_HYDR_STRESS_G,POST,/POST/TABLE,POST,HEAT_HYDR_STRESS_G,,yes,23,Heat of Hydration Result Table,Stress - HY Result Table,https://support.midasuser.com/hc/en-us/articles/36020924196249-Stress-HY-Result-Table
POST.TABLE.HEAT_HYDR_STRESS_L,POST,/POST/TABLE,POST,HEAT_HYDR_STRESS_L,,yes,23,Heat of Hydration Result Table,Stress - HY Result Table,https://support.midasuser.com/hc/en-us/articles/36020924196249-Stress-HY-Result-Table
POST.TABLE.HEAT_HYDR_TEMPERATURE,POST,/POST/TABLE,POST,HEAT_HYDR_TEMPERATURE,,yes,20,Heat of Hydration Result Table,Temperature - HY Result Table,https://support.midasuser.com/hc/en-us/articles/36020983264793-Temperature-HY-Result-Table
POST.TABLE.HEAT_HYDR_TENS_STRESS,POST,/POST/TABLE,POST,HEAT_HYDR_TENS_STRESS,,yes,20,Heat of Hydration Result Table,Tensile Stress - HY Result Table,https://support.midasuser.com/hc/en-us/articles/36021119165081-Tensile-Stress-HY-Result-Table
POST.TABLE.IEHG_BEAM_SUM_DX,POST,/POST/TABLE,POST,IEHG_BEAM_SUM_DX,,yes,20,Time History Result Table,Inelastic Hinge Beam Summary - TH Result Table,https://support.midasuser.com/hc/en-us/articles/36020290127513-Inelastic-Hinge-Beam-Summary-TH-Result-Table
POST.TABLE.IEHG_BEAM_SUM_DY,POST,/POST/TABLE,POST,IEHG_BEAM_SUM_DY,,yes,20,Time History Result Table,Inelastic Hinge Beam Summary - TH Result Table,https://support.midasuser.com/hc/en-us/articles/36020290127513-Inelastic-Hinge-Beam-Summary-TH-Result-Table
POST.TABLE.IEHG_BEAM_SUM_DZ,POST,/POST/TABLE,POST,IEHG_BEAM_SUM_DZ,,yes,20,Time History Result Table,Inelastic Hinge Beam Summary - TH Result Table,https://support.midasuser.com/hc/en-us/articles/36020290127513-Inelastic-Hinge-Beam-Summary-TH-Result-Table
POST.TABLE.IEHG_BEAM_SUM_RY,POST,/POST/TABLE,POST,IEHG_BEAM_SUM_RY,,yes,20,Time History Result Table,Inelastic Hinge Beam Summary - TH Result Table,https://support.midasuser.com/hc/en-us/articles/36020290127513-Inelastic-Hinge-Beam-Summary-TH-Result-Table
POST.TABLE.IEHG_BEAM_SUM_RZ,POST,/POST/TABLE,POST,IEHG_BEAM_SUM_RZ,,yes,20,Time History Result Table,Inelastic Hinge Beam Summary - TH Result Table,https://support.midasuser.com/hc/en-us/articles/36020290127513-Inelastic-Hinge-Beam-Summary-TH-Result-Table
POST.TABLE.IEHG_DEFORM_DIST,POST,/POST/TABLE,POST,IEHG_DEFORM_DIST,,yes,13,Time History Result Table,Inelastic Hinge Deformation - TH Result Table,https://support.midasuser.com/hc/en-us/articles/36020548520601-Inelastic-Hinge-Deformation-TH-Result-Table
POST.TABLE.IEHG_DEFORM_LUMPED,POST,/POST/TABLE,POST,IEHG_DEFORM_LUMPED,,yes,13,Time History Result Table,Inelastic Hinge Deformation - TH Result Table,https://support.midasuser.com/hc/en-us/articles/36020548520601-Inelastic-Hinge-Deformation-TH-Result-Table
POST.TABLE.IEHG_DEFORM_SPRING,POST,/POST/TABLE,POST,IEHG_DEFORM_SPRING,,yes,13,Time History Result Table,Inelastic Hinge Deformation - TH Result Table,https://support.midasuser.com/hc/en-us/articles/36020548520601-Inelastic-Hinge-Deformation-TH-Result-Table
POST.TABLE.IEHG_DEFORM_TRUSS,POST,/POST/TABLE,POST,IEHG_DEFORM_TRUSS,,yes,13,Time History Result Table,Inelastic Hinge Deformation - TH Result Table,https://support.midasuser.com/hc/en-us/articles/36020548520601-Inelastic-Hinge-Deformation-TH-Result-Table
POST.TABLE.IEHG_DEFORM_WALL,POST,/POST/TABLE,POST,IEHG_DEFORM_WALL,,yes,13,Time History Result Table,Inelastic Hinge Deformation - TH Result Table,https://support.midasuser.com/hc/en-us/articles/36020548520601-Inelastic-Hinge-Deformation-TH-Result-Table
POST.TABLE.IEHG_DUCT_D1_DIST,POST,/POST/TABLE,POST,IEHG_DUCT_D1_DIST,,yes,13,Time History Result Table,Inelastic Hinge Ductility Factor(D/D1) - TH Result Table,https://support.midasuser.com/hc/en-us/articles/36020795064089-Inelastic-Hinge-Ductility-Factor-D-D1-TH-Result-Table
POST.TABLE.IEHG_DUCT_D1_LUMPED,POST,/POST/TABLE,POST,IEHG_DUCT_D1_LUMPED,,yes,13,Time History Result Table,Inelastic Hinge Ductility Factor(D/D1) - TH Result Table,https://support.midasuser.com/hc/en-us/articles/36020795064089-Inelastic-Hinge-Ductility-Factor-D-D1-TH-Result-Table
POST.TABLE.IEHG_DUCT_D1_SPRING,POST,/POST/TABLE,POST,IEHG_DUCT_D1_SPRING,,yes,13,Time History Result Table,Inelastic Hinge Ductility Factor(D/D1) - TH Result Table,https://support.midasuser.com/hc/en-us/articles/36020795064089-Inelastic-Hinge-Ductility-Factor-D-D1-TH-Result-Table
POST.TABLE.IEHG_DUCT_D1_TRUSS,POST,/POST/TABLE,POST,IEHG_DUCT_D1_TRUSS,,yes,13,Time History Result Table,Inelastic Hinge Ductility Factor(D/D1) - TH Result Table,https://support.midasuser.com/hc/en-us/articles/36020795064089-Inelastic-Hinge-Ductility-Factor-D-D1-TH-Result-Table
POST.TABLE.IEHG_DUCT_D1_WALL,POST,/POST/TABLE,POST,IEHG_DUCT_D1_WALL,,yes,13,Time History Result Table,Inelastic Hinge Ductility Factor(D/D1) - TH Result Table,https://support.midasuser.com/hc/en-us/articles/36020795064089-Inelastic-Hinge-Ductility-Factor-D-D1-TH-Result-Table
POST.TABLE.IEHG_DUCT_D2_DIST,POST,/POST/TABLE,POST,IEHG_DUCT_D2_DIST,,yes,13,Time History Result Table,Inelastic Hinge Ductility Factor(D/D2) - TH Result Table,https://support.midasuser.com/hc/en-us/articles/36020877017497-Inelastic-Hinge-Ductility-Factor-D-D2-TH-Result-Table
POST.TABLE.IEHG_DUCT_D2_LUMPED,POST,/POST/TABLE,POST,IEHG_DUCT_D2_LUMPED,,yes,13,Time History Result Table,Inelastic Hinge Ductility Factor(D/D2) - TH Result Table,https://support.midasuser.com/hc/en-us/articles/36020877017497-Inelastic-Hinge-Ductility-Factor-D-D2-TH-Result-Table
POST.TABLE.IEHG_DUCT_D2_SPRING,POST,/POST/TABLE,POST,IEHG_DUCT_D2_SPRING,,yes,13,Time History Result Table,Inelastic Hinge Ductility Factor(D/D2) - TH Result Table,https://support.midasuser.com/hc/en-us/articles/36020877017497-Inelastic-Hinge-Ductility-Factor-D-D2-TH-Result-Table
POST.TABLE.IEHG_DUCT_D2_TRUSS,POST,/POST/TABLE,POST,IEHG_DUCT_D2_TRUSS,,yes,13,Time History Result Table,Inelastic Hinge Ductility Factor(D/D2) - TH Result Table,https://support.midasuser.com/hc/en-us/articles/36020877017497-Inelastic-Hinge-Ductility-Factor-D-D2-TH-Result-Table
POST.TABLE.IEHG_DUCT_D2_WALL,POST,/POST/TABLE,POST,IEHG_DUCT_D2_WALL,,yes,13,Time History Result Table,Inelastic Hinge Ductility Factor(D/D2) - TH Result Table,https://support.midasuser.com/hc/en-us/articles/36020877017497-Inelastic-Hinge-Ductility-Factor-D-D2-TH-Result-Table
POST.TABLE.IEHG_ELEM_ROT_BEAM,POST,/POST/TABLE,POST,IEHG_ELEM_ROT_BEAM,,yes,13,Time History Result Table,Inelastic Hinge Element Rotation - TH Result Table,https://support.midasuser.com/hc/en-us/articles/36020688077209-Inelastic-Hinge-Element-Rotation-TH-Result-Table
POST.TABLE.IEHG_ELEM_ROT_WALL,POST,/POST/TABLE,POST,IEHG_ELEM_ROT_WALL,,yes,13,Time History Result Table,Inelastic Hinge Element Rotation - TH Result Table,https://support.midasuser.com/hc/en-us/articles/36020688077209-Inelastic-Hinge-Element-Rotation-TH-Result-Table
POST.TABLE.IEHG_EVENT_TIME_DIST,POST,/POST/TABLE,POST,IEHG_EVENT_TIME_DIST,,yes,13,Time History Result Table,Inelastic Hinge Event Time - TH Result Table,https://support.midasuser.com/hc/en-us/articles/36020215503257-Inelastic-Hinge-Event-Time-TH-Result-Table
POST.TABLE.IEHG_EVENT_TIME_LUMPED,POST,/POST/TABLE,POST,IEHG_EVENT_TIME_LUMPED,,yes,13,Time History Result Table,Inelastic Hinge Event Time - TH Result Table,https://support.midasuser.com/hc/en-us/articles/36020215503257-Inelastic-Hinge-Event-Time-TH-Result-Table
POST.TABLE.IEHG_EVENT_TIME_SPRING,POST,/POST/TABLE,POST,IEHG_EVENT_TIME_SPRING,,yes,13,Time History Result Table,Inelastic Hinge Event Time - TH Result Table,https://support.midasuser.com/hc/en-us/articles/36020215503257-Inelastic-Hinge-Event-Time-TH-Result-Table
POST.TABLE.IEHG_EVENT_TIME_TRUSS,POST,/POST/TABLE,POST,IEHG_EVENT_TIME_TRUSS,,yes,13,Time History Result Table,Inelastic Hinge Event Time - TH Result Table,https://support.midasuser.com/hc/en-us/articles/36020215503257-Inelastic-Hinge-Event-Time-TH-Result-Table
POST.TABLE.IEHG_EVENT_TIME_WALL,POST,/POST/TABLE,POST,IEHG_EVENT_TIME_WALL,,yes,13,Time History Result Table,Inelastic Hinge Event Time - TH Result Table,https://support.midasuser.com/hc/en-us/articles/36020215503257-Inelastic-Hinge-Event-Time-TH-Result-Table
POST.TABLE.IEHG_FORCE_DIST,POST,/POST/TABLE,POST,IEHG_FORCE_DIST,,yes,13,Time History Result Table,Inelastic Hinge Force - TH Result Table,https://support.midasuser.com/hc/en-us/articles/36020436094105-Inelastic-Hinge-Force-TH-Result-Table
POST.TABLE.IEHG_FORCE_LUMPED,POST,/POST/TABLE,POST,IEHG_FORCE_LUMPED,,yes,13,Time History Result Table,Inelastic Hinge Force - TH Result Table,https://support.midasuser.com/hc/en-us/articles/36020436094105-Inelastic-Hinge-Force-TH-Result-Table
POST.TABLE.IEHG_FORCE_SPRING,POST,/POST/TABLE,POST,IEHG_FORCE_SPRING,,yes,13,Time History Result Table,Inelastic Hinge Force - TH Result Table,https://support.midasuser.com/hc/en-us/articles/36020436094105-Inelastic-Hinge-Force-TH-Result-Table
POST.TABLE.IEHG_FORCE_TRUSS,POST,/POST/TABLE,POST,IEHG_FORCE_TRUSS,,yes,13,Time History Result Table,Inelastic Hinge Force - TH Result Table,https://support.midasuser.com/hc/en-us/articles/36020436094105-Inelastic-Hinge-Force-TH-Result-Table
POST.TABLE.IEHG_FORCE_WALL,POST,/POST/TABLE,POST,IEHG_FORCE_WALL,,yes,13,Time History Result Table,Inelastic Hinge Force - TH Result Table,https://support.midasuser.com/hc/en-us/articles/36020436094105-Inelastic-Hinge-Force-TH-Result-Table
POST.TABLE.IEHG_GL_LINK_SUM_DX,POST,/POST/TABLE,POST,IEHG_GL_LINK_SUM_DX,,yes,13,Time History Result Table,Inelastic Hinge General Link Summary - TH Result Table,https://support.midasuser.com/hc/en-us/articles/36020391511961-Inelastic-Hinge-General-Link-Summary-TH-Result-Table
POST.TABLE.IEHG_GL_LINK_SUM_DY,POST,/POST/TABLE,POST,IEHG_GL_LINK_SUM_DY,,yes,13,Time History Result Table,Inelastic Hinge General Link Summary - TH Result Table,https://support.midasuser.com/hc/en-us/articles/36020391511961-Inelastic-Hinge-General-Link-Summary-TH-Result-Table
POST.TABLE.IEHG_GL_LINK_SUM_DZ,POST,/POST/TABLE,POST,IEHG_GL_LINK_SUM_DZ,,yes,13,Time History Result Table,Inelastic Hinge General Link Summary - TH Result Table,https://support.midasuser.com/hc/en-us/articles/36020391511961-Inelastic-Hinge-General-Link-Summary-TH-Result-Table
POST.TABLE.IEHG_GL_LINK_SUM_RX,POST,/POST/TABLE,POST,IEHG_GL_LINK_SUM_RX,,yes,13,Time History Result Table,Inelastic Hinge General Link Summary - TH Result Table,https://support.midasuser.com/hc/en-us/articles/36020391511961-Inelastic-Hinge-General-Link-Summary-TH-Result-Table
POST.TABLE.IEHG_GL_LINK_SUM_RY,POST,/POST/TABLE,POST,IEHG_GL_LINK_SUM_RY,,yes,13,Time History Result Table,Inelastic Hinge General Link Summary - TH Result Table,https://support.midasuser.com/hc/en-us/articles/36020391511961-Inelastic-Hinge-General-Link-Summary-TH-Result-Table
POST.TABLE.IEHG_GL_LINK_SUM_RZ,POST,/POST/TABLE,POST,IEHG_GL_LINK_SUM_RZ,,yes,13,Time History Result Table,Inelastic Hinge General Link Summary - TH Result Table,https://support.midasuser.com/hc/en-us/articles/36020391511961-Inelastic-Hinge-General-Link-Summary-TH-Result-Table
POST.TABLE.IEHG_TRUSS_SUM_DX,POST,/POST/TABLE,POST,IEHG_TRUSS_SUM_DX,,yes,20,Time History Result Table,Inelastic Hinge Truss Summary - TH Result Table,https://support.midasuser.com/hc/en-us/articles/36020311969305-Inelastic-Hinge-Truss-Summary-TH-Result-Table
POST.TABLE.INITIAL_ELEM_FORCE,POST,/POST/TABLE,POST,INITIAL_ELEM_FORCE,,yes,12,Analysis Result Table,Initial Element Force - Analysis Result Table,https://support.midasuser.com/hc/en-us/articles/36018962493721-Initial-Element-Force-Analysis-Result-Table
POST.TABLE.LACK_OF_FIT_FORCE_BEAM,POST,/POST/TABLE,POST,LACK_OF_FIT_FORCE_BEAM,,yes,12,Analysis Result Table,Lack of Fit Force (Beam) - Analysis Result Table,https://support.midasuser.com/hc/en-us/articles/36018843180057-Lack-of-Fit-Force-Beam-Analysis-Result-Table
POST.TABLE.LACK_OF_FIT_FORCE_PLATE,POST,/POST/TABLE,POST,LACK_OF_FIT_FORCE_PLATE,,yes,12,Analysis Result Table,Lack of Fit Force (Plate) - Analysis Result Table,https://support.midasuser.com/hc/en-us/articles/36018883915289-Lack-of-Fit-Force-Plate-Analysis-Result-Table
POST.TABLE.LACK_OF_FIT_FORCE_TRUSS,POST,/POST/TABLE,POST,LACK_OF_FIT_FORCE_TRUSS,,yes,12,Analysis Result Table,Lack of Fit Force (Truss) - Analysis Result Table,https://support.midasuser.com/hc/en-us/articles/36018798699161-Lack-of-Fit-Force-Truss-Analysis-Result-Table
POST.TABLE.LOAD_SUMMARY_X,POST,/POST/TABLE,POST,LOAD_SUMMARY_X,,yes,3,Pre-Process Table,Load Summary Table,https://support.midasuser.com/hc/en-us/articles/36007640088857-Load-Summary-Table
POST.TABLE.LOAD_SUMMARY_Y,POST,/POST/TABLE,POST,LOAD_SUMMARY_Y,,yes,3,Pre-Process Table,Load Summary Table,https://support.midasuser.com/hc/en-us/articles/36007640088857-Load-Summary-Table
POST.TABLE.LOAD_SUMMARY_Z,POST,/POST/TABLE,POST,LOAD_SUMMARY_Z,,yes,3,Pre-Process Table,Load Summary Table,https://support.midasuser.com/hc/en-us/articles/36007640088857-Load-Summary-Table
POST.TABLE.MASS_SUMMARY_X,POST,/POST/TABLE,POST,MASS_SUMMARY_X,,yes,3,Pre-Process Table,Mass Summary Table,https://support.midasuser.com/hc/en-us/articles/36007577052441-Mass-Summary-Table
POST.TABLE.MASS_SUMMARY_Y,POST,/POST/TABLE,POST,MASS_SUMMARY_Y,,yes,3,Pre-Process Table,Mass Summary Table,https://support.midasuser.com/hc/en-us/articles/36007577052441-Mass-Summary-Table
POST.TABLE.MASS_SUMMARY_Z,POST,/POST/TABLE,POST,MASS_SUMMARY_Z,,yes,3,Pre-Process Table,Mass Summary Table,https://support.midasuser.com/hc/en-us/articles/36007577052441-Mass-Summary-Table
POST.TABLE.MATERIAL,POST,/POST/TABLE,POST,MATERIAL,,yes,3,Pre-Process Table,Material Table,https://support.midasuser.com/hc/en-us/articles/43835303404825-Material-Table
POST.TABLE.NODALBODYFORCE,POST,/POST/TABLE,POST,NODALBODYFORCE,,yes,3,Pre-Process Table,Nodal Body Force Table,https://support.midasuser.com/hc/en-us/articles/36007518091289-Nodal-Body-Force-Table
POST.TABLE.OVERTURNING_MOMENT,POST,/POST/TABLE,POST,OVERTURNING_MOMENT,,,19,Analysis Story Table,Overturning Moment - Story Result Table,https://support.midasuser.com/hc/en-us/articles/49512035391641-Overturning-Moment-Story-Result-Table
POST.TABLE.PARTICIPATIONVECTORMODE,POST,/POST/TABLE,POST,PARTICIPATIONVECTORMODE,,yes,20,Analysis Result Table,Vibration Mode Shape - Analysis Result Table,https://support.midasuser.com/hc/en-us/articles/36017669319321-Vibration-Mode-Shape-Analysis-Result-Table
POST.TABLE.PLANESTRAINFG,POST,/POST/TABLE,POST,PLANESTRAINFG,,yes,24,Analysis Result Table,Plane Strain Force (Global) - Analysis Result Table,https://support.midasuser.com/hc/en-us/articles/36014002581273-Plane-Strain-Force-Global-Analysis-Result-Table
POST.TABLE.PLANESTRAINFL,POST,/POST/TABLE,POST,PLANESTRAINFL,,yes,24,Analysis Result Table,Plane Strain Force (Local) - Analysis Result Table,https://support.midasuser.com/hc/en-us/articles/36013937993881-Plane-Strain-Force-Local-Analysis-Result-Table
POST.TABLE.PLANESTRAINSG,POST,/POST/TABLE,POST,PLANESTRAINSG,,yes,27,Analysis Result Table,Plane Strain Stress (Global) - Analysis Result Table,https://support.midasuser.com/hc/en-us/articles/36014149296409-Plane-Strain-Stress-Global-Analysis-Result-Table
POST.TABLE.PLANESTRAINSL,POST,/POST/TABLE,POST,PLANESTRAINSL,,yes,27,Analysis Result Table,Plane Strain Stress (Local) - Analysis Result Table,https://support.midasuser.com/hc/en-us/articles/36014055094297-Plane-Strain-Stress-Local-Analysis-Result-Table
POST.TABLE.PLANESTRESSFG,POST,/POST/TABLE,POST,PLANESTRESSFG,,yes,24,Analysis Result Table,Plane Force (Global) - Analysis Result Table,https://support.midasuser.com/hc/en-us/articles/36013633381913-Plane-Force-Global-Analysis-Result-Table
POST.TABLE.PLANESTRESSFL,POST,/POST/TABLE,POST,PLANESTRESSFL,,yes,24,Analysis Result Table,Plane Force (Local) - Analysis Result Table,https://support.midasuser.com/hc/en-us/articles/36013533471769-Plane-Force-Local-Analysis-Result-Table
POST.TABLE.PLANESTRESSSG,POST,/POST/TABLE,POST,PLANESTRESSSG,,yes,27,Analysis Result Table,Plane Stress (Global) - Analysis Result Table,https://support.midasuser.com/hc/en-us/articles/36013846930969-Plane-Stress-Global-Analysis-Result-Table
POST.TABLE.PLANESTRESSSL,POST,/POST/TABLE,POST,PLANESTRESSSL,,yes,27,Analysis Result Table,Plane Stress (Local) - Analysis Result Table,https://support.midasuser.com/hc/en-us/articles/36013761320601-Plane-Stress-Local-Analysis-Result-Table
POST.TABLE.PLATEFORCEG,POST,/POST/TABLE,POST,PLATEFORCEG,,yes,24,Analysis Result Table,Plate Force (Global) - Analysis Result Table,https://support.midasuser.com/hc/en-us/articles/36012742430873-Plate-Force-Global-Analysis-Result-Table
POST.TABLE.PLATEFORCEL,POST,/POST/TABLE,POST,PLATEFORCEL,,yes,24,Analysis Result Table,Plate Force (Local) - Analysis Result Table,https://support.midasuser.com/hc/en-us/articles/36012451576985-Plate-Force-Local-Analysis-Result-Table
POST.TABLE.PLATEFORCEUCG,POST,/POST/TABLE,POST,PLATEFORCEUCG,,yes,29,Analysis Result Table,Plate Force (Unit Length) - Analysis Result Table,https://support.midasuser.com/hc/en-us/articles/36012822385817-Plate-Force-Unit-Length-Analysis-Result-Table
POST.TABLE.PLATEFORCEUCL,POST,/POST/TABLE,POST,PLATEFORCEUCL,,yes,29,Analysis Result Table,Plate Force (Unit Length) - Analysis Result Table,https://support.midasuser.com/hc/en-us/articles/36012822385817-Plate-Force-Unit-Length-Analysis-Result-Table
POST.TABLE.PLATEFORCEUG,POST,/POST/TABLE,POST,PLATEFORCEUG,,yes,29,Analysis Result Table,Plate Force (Unit Length) - Analysis Result Table,https://support.midasuser.com/hc/en-us/articles/36012822385817-Plate-Force-Unit-Length-Analysis-Result-Table
POST.TABLE.PLATEFORCEUGVBM,POST,/POST/TABLE,POST,PLATEFORCEUGVBM,,yes,29,Analysis Result Table,Plate Force (Unit Length) - Analysis Result Table,https://support.midasuser.com/hc/en-us/articles/36012822385817-Plate-Force-Unit-Length-Analysis-Result-Table
POST.TABLE.PLATEFORCEUL,POST,/POST/TABLE,POST,PLATEFORCEUL,,yes,29,Analysis Result Table,Plate Force (Unit Length) - Analysis Result Table,https://support.midasuser.com/hc/en-us/articles/36012822385817-Plate-Force-Unit-Length-Analysis-Result-Table
POST.TABLE.PLATEFORCEULVBM,POST,/POST/TABLE,POST,PLATEFORCEULVBM,,yes,29,Analysis Result Table,Plate Force (Unit Length) - Analysis Result Table,https://support.midasuser.com/hc/en-us/articles/36012822385817-Plate-Force-Unit-Length-Analysis-Result-Table
POST.TABLE.PLATEFORCEWA,POST,/POST/TABLE,POST,PLATEFORCEWA,,yes,29,Analysis Result Table,Plate Force (Unit Length) - Analysis Result Table,https://support.midasuser.com/hc/en-us/articles/36012822385817-Plate-Force-Unit-Length-Analysis-Result-Table
POST.TABLE.PLATESTRAING,POST,/POST/TABLE,POST,PLATESTRAING,,yes,26,Analysis Result Table,Plate Strain (Global) - Analysis Result Table,https://support.midasuser.com/hc/en-us/articles/36013319302809-Plate-Strain-Global-Analysis-Result-Table
POST.TABLE.PLATESTRAINL,POST,/POST/TABLE,POST,PLATESTRAINL,,yes,26,Analysis Result Table,Plate Strain (Local) - Analysis Result Table,https://support.midasuser.com/hc/en-us/articles/36013201499417-Plate-Strain-Local-Analysis-Result-Table
POST.TABLE.PLATESTRAINPG,POST,/POST/TABLE,POST,PLATESTRAINPG,,yes,26,Analysis Result Table,Plate Strain (Global) - Analysis Result Table,https://support.midasuser.com/hc/en-us/articles/36013319302809-Plate-Strain-Global-Analysis-Result-Table
POST.TABLE.PLATESTRAINPL,POST,/POST/TABLE,POST,PLATESTRAINPL,,yes,26,Analysis Result Table,Plate Strain (Local) - Analysis Result Table,https://support.midasuser.com/hc/en-us/articles/36013201499417-Plate-Strain-Local-Analysis-Result-Table
POST.TABLE.PLATESTRAINTG,POST,/POST/TABLE,POST,PLATESTRAINTG,,yes,26,Analysis Result Table,Plate Strain (Global) - Analysis Result Table,https://support.midasuser.com/hc/en-us/articles/36013319302809-Plate-Strain-Global-Analysis-Result-Table
POST.TABLE.PLATESTRAINTL,POST,/POST/TABLE,POST,PLATESTRAINTL,,yes,26,Analysis Result Table,Plate Strain (Local) - Analysis Result Table,https://support.midasuser.com/hc/en-us/articles/36013201499417-Plate-Strain-Local-Analysis-Result-Table
POST.TABLE.PLATESTRESSG,POST,/POST/TABLE,POST,PLATESTRESSG,,yes,27,Analysis Result Table,Plate Stress (Global) - Analysis Result Table,https://support.midasuser.com/hc/en-us/articles/36013101276697-Plate-Stress-Global-Analysis-Result-Table
POST.TABLE.PLATESTRESSL,POST,/POST/TABLE,POST,PLATESTRESSL,,yes,27,Analysis Result Table,Plate Stress (Local) - Analysis Result Table,https://support.midasuser.com/hc/en-us/articles/36013026785433-Plate-Stress-Local-Analysis-Result-Table
POST.TABLE.REACTIONG,POST,/POST/TABLE,POST,REACTIONG,,yes,23,Analysis Result Table,Reaction - Analysis Result Table,https://support.midasuser.com/hc/en-us/articles/36009349748249-Reaction-Analysis-Result-Table
POST.TABLE.REACTIONL,POST,/POST/TABLE,POST,REACTIONL,,yes,23,Analysis Result Table,Reaction - Analysis Result Table,https://support.midasuser.com/hc/en-us/articles/36009349748249-Reaction-Analysis-Result-Table
POST.TABLE.REACTIONLSURFACESPRING,POST,/POST/TABLE,POST,REACTIONLSURFACESPRING,,yes,23,Analysis Result Table,Reaction - Analysis Result Table,https://support.midasuser.com/hc/en-us/articles/36009349748249-Reaction-Analysis-Result-Table
POST.TABLE.REACTIONSURFACESPRING,POST,/POST/TABLE,POST,REACTIONSURFACESPRING,,yes,23,Analysis Result Table,Reaction - Analysis Result Table,https://support.midasuser.com/hc/en-us/articles/36009349748249-Reaction-Analysis-Result-Table
POST.TABLE.RESULTANT_FORCES,POST,/POST/TABLE,POST,RESULTANT_FORCES,,yes,26,Analysis Result Table,Resultant Forces - Analysis Result Table,https://support.midasuser.com/hc/en-us/articles/36017614482201-Resultant-Forces-Analysis-Result-Table
POST.TABLE.RESULTANT_FORCESVBM,POST,/POST/TABLE,POST,RESULTANT_FORCESVBM,,yes,26,Analysis Result Table,Resultant Forces - Analysis Result Table,https://support.midasuser.com/hc/en-us/articles/36017614482201-Resultant-Forces-Analysis-Result-Table
POST.TABLE.RS_NODAL_ACCEL,POST,/POST/TABLE,POST,RS_NODAL_ACCEL,,yes,21,Analysis Result Table,Nodal Results of RS - Analysis Result Table,https://support.midasuser.com/hc/en-us/articles/36017837129241-Nodal-Results-of-RS-Analysis-Result-Table
POST.TABLE.RS_NODAL_INERTIA,POST,/POST/TABLE,POST,RS_NODAL_INERTIA,,yes,21,Analysis Result Table,Nodal Results of RS - Analysis Result Table,https://support.midasuser.com/hc/en-us/articles/36017837129241-Nodal-Results-of-RS-Analysis-Result-Table
POST.TABLE.SECTIONALL,POST,/POST/TABLE,POST,SECTIONALL,,yes,3,Pre-Process Table,Section Table,https://support.midasuser.com/hc/en-us/articles/43835398107801-Section-Table
POST.TABLE.SECT_PROP_LAST_STAGE,POST,/POST/TABLE,POST,SECT_PROP_LAST_STAGE,,yes,13,Analysis Result Table,Beam Section Properties at Last Stage - Analysis Result Table,https://support.midasuser.com/hc/en-us/articles/36018718339353-Beam-Section-Properties-at-Last-Stage-Analysis-Result-Table
POST.TABLE.SELF_CONST_BEAM_FORCE,POST,/POST/TABLE,POST,SELF_CONST_BEAM_FORCE,,yes,24,Analysis Result Table,Composite Section for C.S. (Self-Constraint Force and Stress) - Analysis Result Table,https://support.midasuser.com/hc/en-us/articles/36018582743705-Composite-Section-for-C-S-Self-Constraint-Force-and-Stress-Analysis-Result-Table
POST.TABLE.SELF_CONST_BEAM_STRESS,POST,/POST/TABLE,POST,SELF_CONST_BEAM_STRESS,,yes,24,Analysis Result Table,Composite Section for C.S. (Self-Constraint Force and Stress) - Analysis Result Table,https://support.midasuser.com/hc/en-us/articles/36018582743705-Composite-Section-for-C-S-Self-Constraint-Force-and-Stress-Analysis-Result-Table
POST.TABLE.SOLIDFG,POST,/POST/TABLE,POST,SOLIDFG,,yes,23,Analysis Result Table,Solid Force (Global) - Analysis Result Table,https://support.midasuser.com/hc/en-us/articles/36015175530137-Solid-Force-Global-Analysis-Result-Table
POST.TABLE.SOLIDFL,POST,/POST/TABLE,POST,SOLIDFL,,yes,23,Analysis Result Table,Solid Force (Local) - Analysis Result Table,https://support.midasuser.com/hc/en-us/articles/36015113863449-Solid-Force-Local-Analysis-Result-Table
POST.TABLE.SOLIDSG,POST,/POST/TABLE,POST,SOLIDSG,,yes,27,Analysis Result Table,Solid Stress (Global) - Analysis Result Table,https://support.midasuser.com/hc/en-us/articles/36015348343833-Solid-Stress-Global-Analysis-Result-Table
POST.TABLE.SOLIDSL,POST,/POST/TABLE,POST,SOLIDSL,,yes,26,Analysis Result Table,Solid Stress (Local) - Analysis Result Table,https://support.midasuser.com/hc/en-us/articles/36015236608281-Solid-Stress-Local-Analysis-Result-Table
POST.TABLE.SOLID_GLOB_PLAST_STRAIN,POST,/POST/TABLE,POST,SOLID_GLOB_PLAST_STRAIN,,yes,27,Analysis Result Table,Solid Strain (Global) - Analysis Result Table,https://support.midasuser.com/hc/en-us/articles/36017308083481-Solid-Strain-Global-Analysis-Result-Table
POST.TABLE.SOLID_GLOB_TOTAL_STRAIN,POST,/POST/TABLE,POST,SOLID_GLOB_TOTAL_STRAIN,,yes,27,Analysis Result Table,Solid Strain (Global) - Analysis Result Table,https://support.midasuser.com/hc/en-us/articles/36017308083481-Solid-Strain-Global-Analysis-Result-Table
POST.TABLE.SOLID_LOCA_PLAST_STRAIN,POST,/POST/TABLE,POST,SOLID_LOCA_PLAST_STRAIN,,yes,27,Analysis Result Table,Solid Strain (Local) - Analysis Result Table,https://support.midasuser.com/hc/en-us/articles/36017264069017-Solid-Strain-Local-Analysis-Result-Table
POST.TABLE.SOLID_LOCA_TOTAL_STRAIN,POST,/POST/TABLE,POST,SOLID_LOCA_TOTAL_STRAIN,,yes,27,Analysis Result Table,Solid Strain (Local) - Analysis Result Table,https://support.midasuser.com/hc/en-us/articles/36017264069017-Solid-Strain-Local-Analysis-Result-Table
POST.TABLE.SRCBEAMDESIGNFORCES,POST,/POST/TABLE,POST,SRCBEAMDESIGNFORCES,,,20,Design,SRC Design - SRC Beam Design Forces,https://support.midasuser.com/hc/en-us/articles/49514560567961-SRC-Design-SRC-Beam-Design-Forces
POST.TABLE.SRCCOLUMNDESIGNFORCES,POST,/POST/TABLE,POST,SRCCOLUMNDESIGNFORCES,,,20,Design,SRC Design - SRC Column Design Forces,https://support.midasuser.com/hc/en-us/articles/49514609393049-SRC-Design-SRC-Column-Design-Forces
POST.TABLE.STEELMEMBERDESIGNFORCES,POST,/POST/TABLE,POST,STEELMEMBERDESIGNFORCES,,,20,Design,Steel Design - Steel Member Design Forces,https://support.midasuser.com/hc/en-us/articles/49514496461593-Steel-Design-Steel-Member-Design-Forces
POST.TABLE.STIFFNESS_IRREGULARITY_X,POST,/POST/TABLE,POST,STIFFNESS_IRREGULARITY_X,,,17,Analysis Story Table,Stiffness Irregularity Check (Soft Story) - Story Result Table,https://support.midasuser.com/hc/en-us/articles/49513107644057-Stiffness-Irregularity-Check-Soft-Story-Story-Result-Table
POST.TABLE.STIFFNESS_IRREGULARITY_Y,POST,/POST/TABLE,POST,STIFFNESS_IRREGULARITY_Y,,,17,Analysis Story Table,Stiffness Irregularity Check (Soft Story) - Story Result Table,https://support.midasuser.com/hc/en-us/articles/49513107644057-Stiffness-Irregularity-Check-Soft-Story-Story-Result-Table
POST.TABLE.STORYWEIGHT,POST,/POST/TABLE,POST,STORYWEIGHT,,,3,Pre-Process Table,Story Weight,https://support.midasuser.com/hc/en-us/articles/49514231584921-Story-Weight
POST.TABLE.STORY_AXIAL_FORCE_SUM,POST,/POST/TABLE,POST,STORY_AXIAL_FORCE_SUM,,,13,Analysis Story Table,Story Axial Force Sum - Story Result Table,https://support.midasuser.com/hc/en-us/articles/49512116327065-Story-Axial-Force-Sum-Story-Result-Table
POST.TABLE.STORY_DISPLACEMENT_COMB,POST,/POST/TABLE,POST,STORY_DISPLACEMENT_COMB,,,13,Analysis Story Table,"Story Displacement(X,Y,Combined) - Story Result Table",https://support.midasuser.com/hc/en-us/articles/49511597474713-Story-Displacement-X-Y-Combined-Story-Result-Table
POST.TABLE.STORY_DISPLACEMENT_X,POST,/POST/TABLE,POST,STORY_DISPLACEMENT_X,,,13,Analysis Story Table,"Story Displacement(X,Y,Combined) - Story Result Table",https://support.midasuser.com/hc/en-us/articles/49511597474713-Story-Displacement-X-Y-Combined-Story-Result-Table
POST.TABLE.STORY_DISPLACEMENT_Y,POST,/POST/TABLE,POST,STORY_DISPLACEMENT_Y,,,13,Analysis Story Table,"Story Displacement(X,Y,Combined) - Story Result Table",https://support.midasuser.com/hc/en-us/articles/49511597474713-Story-Displacement-X-Y-Combined-Story-Result-Table
POST.TABLE.STORY_DRIFT_COMB,POST,/POST/TABLE,POST,STORY_DRIFT_COMB,,,45,Analysis Story Table,"post/TABLE : Story Drift(X,Y,Combine) - Story Result Table",https://support.midasuser.com/hc/en-us/articles/49511531295257-post-TABLE-Story-Drift-X-Y-Combine-Story-Result-Table
POST.TABLE.STORY_DRIFT_X,POST,/POST/TABLE,POST,STORY_DRIFT_X,,,45,Analysis Story Table,"post/TABLE : Story Drift(X,Y,Combine) - Story Result Table",https://support.midasuser.com/hc/en-us/articles/49511531295257-post-TABLE-Story-Drift-X-Y-Combine-Story-Result-Table
POST.TABLE.STORY_DRIFT_Y,POST,/POST/TABLE,POST,STORY_DRIFT_Y,,,45,Analysis Story Table,"post/TABLE : Story Drift(X,Y,Combine) - Story Result Table",https://support.midasuser.com/hc/en-us/articles/49511531295257-post-TABLE-Story-Drift-X-Y-Combine-Story-Result-Table
POST.TABLE.STORY_ECNTRICITY,POST,/POST/TABLE,POST,STORY_ECNTRICITY,,,12,Analysis Story Table,Story Eccentricity - Story Result Table,https://support.midasuser.com/hc/en-us/articles/49511990423833-Story-Eccentricity-Story-Result-Table
POST.TABLE.STORY_LOAD_SUMMARY_X,POST,/POST/TABLE,POST,STORY_LOAD_SUMMARY_X,,,3,Pre-Process Table,Story Load Summary,https://support.midasuser.com/hc/en-us/articles/49514148775705-Story-Load-Summary
POST.TABLE.STORY_LOAD_SUMMARY_Y,POST,/POST/TABLE,POST,STORY_LOAD_SUMMARY_Y,,,3,Pre-Process Table,Story Load Summary,https://support.midasuser.com/hc/en-us/articles/49514148775705-Story-Load-Summary
POST.TABLE.STORY_LOAD_SUMMARY_Z,POST,/POST/TABLE,POST,STORY_LOAD_SUMMARY_Z,,,3,Pre-Process Table,Story Load Summary,https://support.midasuser.com/hc/en-us/articles/49514148775705-Story-Load-Summary
POST.TABLE.STORY_MASS,POST,/POST/TABLE,POST,STORY_MASS,,,12,Pre-Process Table,Story Mass Summary,https://support.midasuser.com/hc/en-us/articles/49514136996889-Story-Mass-Summary
POST.TABLE.STORY_MASS_X,POST,/POST/TABLE,POST,STORY_MASS_X,,,12,Pre-Process Table,Story Mass Summary,https://support.midasuser.com/hc/en-us/articles/49514136996889-Story-Mass-Summary
POST.TABLE.STORY_MODE_SHAPE,POST,/POST/TABLE,POST,STORY_MODE_SHAPE,,,13,Analysis Story Table,Story Mode Shape - Story Result Table,https://support.midasuser.com/hc/en-us/articles/49511927443481-Story-Mode-Shape-Story-Result-Table
POST.TABLE.STORY_SHEAR_FORCE_COEFFICIENT,POST,/POST/TABLE,POST,STORY_SHEAR_FORCE_COEFFICIENT,,,13,Analysis Story Table,Story Shear Force Coefficient(R.S.Analysis) - Story Result Table,https://support.midasuser.com/hc/en-us/articles/49511816211737-Story-Shear-Force-Coefficient-R-S-Analysis-Story-Result-Table
POST.TABLE.STORY_SHEAR_FORCE_RATIO,POST,/POST/TABLE,POST,STORY_SHEAR_FORCE_RATIO,,,17,Analysis Story Table,Story Shear Force Ratio - Story Result Table,https://support.midasuser.com/hc/en-us/articles/49512411760665-Story-Shear-Force-Ratio-Story-Result-Table
POST.TABLE.STORY_SHEAR_FOR_RS,POST,/POST/TABLE,POST,STORY_SHEAR_FOR_RS,,,13,Analysis Story Table,Story Shear Force(R.S.Analysis) - Story Result Table,https://support.midasuser.com/hc/en-us/articles/49511717907097-Story-Shear-Force-R-S-Analysis-Story-Result-Table
POST.TABLE.STORY_STABILITY_COEFFICIENT_X,POST,/POST/TABLE,POST,STORY_STABILITY_COEFFICIENT_X,,,28,Analysis Story Table,Story Stability Coefficient - Story Result Table,https://support.midasuser.com/hc/en-us/articles/49512818237849-Story-Stability-Coefficient-Story-Result-Table
POST.TABLE.STORY_STABILITY_COEFFICIENT_Y,POST,/POST/TABLE,POST,STORY_STABILITY_COEFFICIENT_Y,,,28,Analysis Story Table,Story Stability Coefficient - Story Result Table,https://support.midasuser.com/hc/en-us/articles/49512818237849-Story-Stability-Coefficient-Story-Result-Table
POST.TABLE.SUPPORTS,POST,/POST/TABLE,POST,SUPPORTS,,yes,3,Pre-Process Table,Restraint Supports Table,https://support.midasuser.com/hc/en-us/articles/43835481307161-Restraint-Supports-Table
POST.TABLE.THISABSOLUTEACCEL,POST,/POST/TABLE,POST,THISABSOLUTEACCEL,,yes,20,Time History Result Table,Displacement/Velocity/Acceleration - TH Result Table,https://support.midasuser.com/hc/en-us/articles/36019076720921-Displacement-Velocity-Acceleration-TH-Result-Table
POST.TABLE.THISBEAMFORCE,POST,/POST/TABLE,POST,THISBEAMFORCE,,yes,21,Time History Result Table,Beam Force - TH Result Table,https://support.midasuser.com/hc/en-us/articles/36020023438361-Beam-Force-TH-Result-Table
POST.TABLE.THISDISPLACEMENT,POST,/POST/TABLE,POST,THISDISPLACEMENT,,yes,20,Time History Result Table,Displacement/Velocity/Acceleration - TH Result Table,https://support.midasuser.com/hc/en-us/articles/36019076720921-Displacement-Velocity-Acceleration-TH-Result-Table
POST.TABLE.THISGLINKDEFORMATION,POST,/POST/TABLE,POST,THISGLINKDEFORMATION,,yes,20,Time History Result Table,General Link - TH Result Table,https://support.midasuser.com/hc/en-us/articles/36020136483353-General-Link-TH-Result-Table
POST.TABLE.THISGLINKFORCE,POST,/POST/TABLE,POST,THISGLINKFORCE,,yes,20,Time History Result Table,General Link - TH Result Table,https://support.midasuser.com/hc/en-us/articles/36020136483353-General-Link-TH-Result-Table
POST.TABLE.THISRELATIVEACCEL,POST,/POST/TABLE,POST,THISRELATIVEACCEL,,yes,20,Time History Result Table,Displacement/Velocity/Acceleration - TH Result Table,https://support.midasuser.com/hc/en-us/articles/36019076720921-Displacement-Velocity-Acceleration-TH-Result-Table
POST.TABLE.THISTRUSSFORCE,POST,/POST/TABLE,POST,THISTRUSSFORCE,,yes,20,Time History Result Table,Truss Force - TH Result Table,https://support.midasuser.com/hc/en-us/articles/36020089749913-Truss-Force-TH-Result-Table
POST.TABLE.THISVELOCITY,POST,/POST/TABLE,POST,THISVELOCITY,,yes,20,Time History Result Table,Displacement/Velocity/Acceleration - TH Result Table,https://support.midasuser.com/hc/en-us/articles/36019076720921-Displacement-Velocity-Acceleration-TH-Result-Table
POST.TABLE.TNDN_APPROX_LOSS_FORCE,POST,/POST/TABLE,POST,TNDN_APPROX_LOSS_FORCE,,yes,12,Analysis Result Table,Tendon Approximate Loss - Analysis Result Table,https://support.midasuser.com/hc/en-us/articles/36018411935129-Tendon-Approximate-Loss-Analysis-Result-Table
POST.TABLE.TNDN_APPROX_LOSS_STRESS,POST,/POST/TABLE,POST,TNDN_APPROX_LOSS_STRESS,,yes,12,Analysis Result Table,Tendon Approximate Loss - Analysis Result Table,https://support.midasuser.com/hc/en-us/articles/36018411935129-Tendon-Approximate-Loss-Analysis-Result-Table
POST.TABLE.TNDN_ARRANGEMENT,POST,/POST/TABLE,POST,TNDN_ARRANGEMENT,,yes,16,Analysis Result Table,Tendon Arrangement - Analysis Result Table,https://support.midasuser.com/hc/en-us/articles/36018062664857-Tendon-Arrangement-Analysis-Result-Table
POST.TABLE.TNDN_COORDINATES,POST,/POST/TABLE,POST,TNDN_COORDINATES,,yes,12,Analysis Result Table,Tendon Coordinates - Analysis Result Table,https://support.midasuser.com/hc/en-us/articles/36017935058713-Tendon-Coordinates-Analysis-Result-Table
POST.TABLE.TNDN_ELONGATION,POST,/POST/TABLE,POST,TNDN_ELONGATION,,yes,12,Analysis Result Table,Tendon Elongation - Analysis Result Table,https://support.midasuser.com/hc/en-us/articles/36018016568345-Tendon-Elongation-Analysis-Result-Table
POST.TABLE.TNDN_LOSS_FORCE,POST,/POST/TABLE,POST,TNDN_LOSS_FORCE,,yes,16,Analysis Result Table,Tendon Loss - Analysis Result Table,https://support.midasuser.com/hc/en-us/articles/36018150905881-Tendon-Loss-Analysis-Result-Table
POST.TABLE.TNDN_LOSS_STRESS,POST,/POST/TABLE,POST,TNDN_LOSS_STRESS,,yes,16,Analysis Result Table,Tendon Loss - Analysis Result Table,https://support.midasuser.com/hc/en-us/articles/36018150905881-Tendon-Loss-Analysis-Result-Table
POST.TABLE.TNDN_STRS_LIMIT_CHECK,POST,/POST/TABLE,POST,TNDN_STRS_LIMIT_CHECK,,yes,21,Analysis Result Table,Tendon Stress Limit Check - Analysis Result Table,https://support.midasuser.com/hc/en-us/articles/36018322624281-Tendon-Stress-Limit-Check-Analysis-Result-Table
POST.TABLE.TNDN_WEIGHT_GROUP,POST,/POST/TABLE,POST,TNDN_WEIGHT_GROUP,,yes,12,Analysis Result Table,Tendon Weight - Analysis Result Table,https://support.midasuser.com/hc/en-us/articles/36018235852569-Tendon-Weight-Analysis-Result-Table
POST.TABLE.TNDN_WEIGHT_PROFILE,POST,/POST/TABLE,POST,TNDN_WEIGHT_PROFILE,,yes,12,Analysis Result Table,Tendon Weight - Analysis Result Table,https://support.midasuser.com/hc/en-us/articles/36018235852569-Tendon-Weight-Analysis-Result-Table
POST.TABLE.TNDN_WEIGHT_PROPERTY,POST,/POST/TABLE,POST,TNDN_WEIGHT_PROPERTY,,yes,12,Analysis Result Table,Tendon Weight - Analysis Result Table,https://support.midasuser.com/hc/en-us/articles/36018235852569-Tendon-Weight-Analysis-Result-Table
POST.TABLE.TORSIONAL_AMPLIFICATION_FACTOR_X,POST,/POST/TABLE,POST,TORSIONAL_AMPLIFICATION_FACTOR_X,,,17,Analysis Story Table,Torsional Amplification Factor - Story Result Table,https://support.midasuser.com/hc/en-us/articles/49513005384089-Torsional-Amplification-Factor-Story-Result-Table
POST.TABLE.TORSIONAL_AMPLIFICATION_FACTOR_Y,POST,/POST/TABLE,POST,TORSIONAL_AMPLIFICATION_FACTOR_Y,,,17,Analysis Story Table,Torsional Amplification Factor - Story Result Table,https://support.midasuser.com/hc/en-us/articles/49513005384089-Torsional-Amplification-Factor-Story-Result-Table
POST.TABLE.TORSIONAL_IRREGULARITY_X,POST,/POST/TABLE,POST,TORSIONAL_IRREGULARITY_X,,,17,Analysis Story Table,Torsional Irregularity Check - Story Result Table,https://support.midasuser.com/hc/en-us/articles/49512900149017-Torsional-Irregularity-Check-Story-Result-Table
POST.TABLE.TORSIONAL_IRREGULARITY_Y,POST,/POST/TABLE,POST,TORSIONAL_IRREGULARITY_Y,,,17,Analysis Story Table,Torsional Irregularity Check - Story Result Table,https://support.midasuser.com/hc/en-us/articles/49512900149017-Torsional-Irregularity-Check-Story-Result-Table
POST.TABLE.TRUSSFORCE,POST,/POST/TABLE,POST,TRUSSFORCE,,yes,23,Analysis Result Table,Truss Force - Analysis Result Table,https://support.midasuser.com/hc/en-us/articles/36009739012249-Truss-Force-Analysis-Result-Table
POST.TABLE.TRUSSSTRESS,POST,/POST/TABLE,POST,TRUSSSTRESS,,yes,23,Analysis Result Table,Truss Stress - Analysis Result Table,https://support.midasuser.com/hc/en-us/articles/36010188199833-Truss-Stress-Analysis-Result-Table
POST.TABLE.ULTIMATE_STORY_SHEAR_FORCE_CHECK,POST,/POST/TABLE,POST,ULTIMATE_STORY_SHEAR_FORCE_CHECK,,,16,Analysis Story Table,Ultimate Story Shear For Check - Story Result Table,https://support.midasuser.com/hc/en-us/articles/49513305580569-Ultimate-Story-Shear-For-Check-Story-Result-Table
POST.TABLE.WALLDESIGNFORCES,POST,/POST/TABLE,POST,WALLDESIGNFORCES,,,21,Design,Concrete Design - Wall Design Forces,https://support.midasuser.com/hc/en-us/articles/49514433321881-Concrete-Design-Wall-Design-Forces
POST.TABLE.WALL_FORCE_MOMENT,POST,/POST/TABLE,POST,WALL_FORCE_MOMENT,,yes,21,Analysis Result Table,Wall Force - Analysis Result Table,https://support.midasuser.com/hc/en-us/articles/49513398732953-Wall-Force-Analysis-Result-Table
POST.TABLE.WEIGHT_IRREGULARITY_X,POST,/POST/TABLE,POST,WEIGHT_IRREGULARITY_X,,yes,19,Analysis Story Table,Weight Irregularity Check - Story Result Table,https://support.midasuser.com/hc/en-us/articles/58746274895769-Weight-Irregularity-Check-Story-Result-Table
POST.TABLE.string,POST,/POST/TABLE,POST,string,,,20,Design,Concrete Design - Beam Design Forces,https://support.midasuser.com/hc/en-us/articles/49514295460889-Concrete-Design-Beam-Design-Forces
POST.TEXT.PO_BEAMFORCE,POST,/POST/TEXT,POST,PO_BEAMFORCE,,yes,22,Pushover Text,"Pushover Text - Element Result(Beam, Truss)",https://support.midasuser.com/hc/en-us/articles/36706062373657-Pushover-Text-Element-Result-Beam-Truss
POST.TEXT.PO_BEAMSTRESS,POST,/POST/TEXT,POST,PO_BEAMSTRESS,,yes,22,Pushover Text,"Pushover Text - Element Result(Beam, Truss)",https://support.midasuser.com/hc/en-us/articles/36706062373657-Pushover-Text-Element-Result-Beam-Truss
POST.TEXT.PO_DISP,POST,/POST/TEXT,POST,PO_DISP,,yes,25,Pushover Text,Pushover Text - Displacement Result,https://support.midasuser.com/hc/en-us/articles/36705962238873-Pushover-Text-Displacement-Result
POST.TEXT.PO_ELINKDEFORM,POST,/POST/TEXT,POST,PO_ELINKDEFORM,,yes,22,Pushover Text,Pushover Text - Elastic Link Result,https://support.midasuser.com/hc/en-us/articles/36706383777817-Pushover-Text-Elastic-Link-Result
POST.TEXT.PO_ELINKFORCE,POST,/POST/TEXT,POST,PO_ELINKFORCE,,yes,22,Pushover Text,Pushover Text - Elastic Link Result,https://support.midasuser.com/hc/en-us/articles/36706383777817-Pushover-Text-Elastic-Link-Result
POST.TEXT.PO_GLINKDEFORM,POST,/POST/TEXT,POST,PO_GLINKDEFORM,,yes,22,Pushover Text,Pushover Text - General Link Result,https://support.midasuser.com/hc/en-us/articles/36706344369049-Pushover-Text-General-Link-Result
POST.TEXT.PO_GLINKFORCE,POST,/POST/TEXT,POST,PO_GLINKFORCE,,yes,22,Pushover Text,Pushover Text - General Link Result,https://support.midasuser.com/hc/en-us/articles/36706344369049-Pushover-Text-General-Link-Result
POST.TEXT.PO_TRUSSFORCE,POST,/POST/TEXT,POST,PO_TRUSSFORCE,,yes,22,Pushover Text,"Pushover Text - Element Result(Beam, Truss)",https://support.midasuser.com/hc/en-us/articles/36706062373657-Pushover-Text-Element-Result-Beam-Truss
POST.TEXT.PO_TRUSSSTRESS,POST,/POST/TEXT,POST,PO_TRUSSSTRESS,,yes,22,Pushover Text,"Pushover Text - Element Result(Beam, Truss)",https://support.midasuser.com/hc/en-us/articles/36706062373657-Pushover-Text-Element-Result-Beam-Truss
POST.TEXT.PO_WALLFORCE,POST,/POST/TEXT,POST,PO_WALLFORCE,,yes,22,Pushover Text,Pushover Text - Element Result(Wall),https://support.midasuser.com/hc/en-us/articles/36706217576217-Pushover-Text-Element-Result-Wall
POST.TEXT.TH_ACCEL,POST,/POST/TEXT,POST,TH_ACCEL,,yes,25,Time History Text,Time History Text - Node Results,https://support.midasuser.com/hc/en-us/articles/36704969941913-Time-History-Text-Node-Results
POST.TEXT.TH_BEAMFORCE,POST,/POST/TEXT,POST,TH_BEAMFORCE,,yes,22,Time History Text,"Time History Text - Element Result(Truss, Beam, Plane Stress/Strain, Solid)",https://support.midasuser.com/hc/en-us/articles/36705161290649-Time-History-Text-Element-Result-Truss-Beam-Plane-Stress-Strain-Solid
POST.TEXT.TH_BEAMSTRESS,POST,/POST/TEXT,POST,TH_BEAMSTRESS,,yes,22,Time History Text,"Time History Text - Element Result(Truss, Beam, Plane Stress/Strain, Solid)",https://support.midasuser.com/hc/en-us/articles/36705161290649-Time-History-Text-Element-Result-Truss-Beam-Plane-Stress-Strain-Solid
POST.TEXT.TH_DISP,POST,/POST/TEXT,POST,TH_DISP,,yes,25,Time History Text,Time History Text - Node Results,https://support.midasuser.com/hc/en-us/articles/36704969941913-Time-History-Text-Node-Results
POST.TEXT.TH_GLINKDEFORM,POST,/POST/TEXT,POST,TH_GLINKDEFORM,,yes,22,Time History Text,Time History Text - General Link Result,https://support.midasuser.com/hc/en-us/articles/36705822943257-Time-History-Text-General-Link-Result
POST.TEXT.TH_GLINKFORCE,POST,/POST/TEXT,POST,TH_GLINKFORCE,,yes,22,Time History Text,Time History Text - General Link Result,https://support.midasuser.com/hc/en-us/articles/36705822943257-Time-History-Text-General-Link-Result
POST.TEXT.TH_PLANESTRESS,POST,/POST/TEXT,POST,TH_PLANESTRESS,,yes,22,Time History Text,"Time History Text - Element Result(Truss, Beam, Plane Stress/Strain, Solid)",https://support.midasuser.com/hc/en-us/articles/36705161290649-Time-History-Text-Element-Result-Truss-Beam-Plane-Stress-Strain-Solid
POST.TEXT.TH_PLANE_STRAIN_FORCE,POST,/POST/TEXT,POST,TH_PLANE_STRAIN_FORCE,,yes,22,Time History Text,"Time History Text - Element Result(Truss, Beam, Plane Stress/Strain, Solid)",https://support.midasuser.com/hc/en-us/articles/36705161290649-Time-History-Text-Element-Result-Truss-Beam-Plane-Stress-Strain-Solid
POST.TEXT.TH_PLANE_STRAIN_STRESS,POST,/POST/TEXT,POST,TH_PLANE_STRAIN_STRESS,,yes,22,Time History Text,"Time History Text - Element Result(Truss, Beam, Plane Stress/Strain, Solid)",https://support.midasuser.com/hc/en-us/articles/36705161290649-Time-History-Text-Element-Result-Truss-Beam-Plane-Stress-Strain-Solid
POST.TEXT.TH_PLANE_STRESS_FORCE,POST,/POST/TEXT,POST,TH_PLANE_STRESS_FORCE,,yes,22,Time History Text,"Time History Text - Element Result(Truss, Beam, Plane Stress/Strain, Solid)",https://support.midasuser.com/hc/en-us/articles/36705161290649-Time-History-Text-Element-Result-Truss-Beam-Plane-Stress-Strain-Solid
POST.TEXT.TH_PLATEFORCE,POST,/POST/TEXT,POST,TH_PLATEFORCE,,yes,22,Time History Text,Time History Text - Element Result(Plate),https://support.midasuser.com/hc/en-us/articles/36705400674585-Time-History-Text-Element-Result-Plate
POST.TEXT.TH_PLATESTRESS,POST,/POST/TEXT,POST,TH_PLATESTRESS,,yes,22,Time History Text,Time History Text - Element Result(Plate),https://support.midasuser.com/hc/en-us/articles/36705400674585-Time-History-Text-Element-Result-Plate
POST.TEXT.TH_PLATE_UNIT_FORCE,POST,/POST/TEXT,POST,TH_PLATE_UNIT_FORCE,,yes,22,Time History Text,Time History Text - Element Result(Plate),https://support.midasuser.com/hc/en-us/articles/36705400674585-Time-History-Text-Element-Result-Plate
POST.TEXT.TH_SOLIDFORCE,POST,/POST/TEXT,POST,TH_SOLIDFORCE,,yes,22,Time History Text,"Time History Text - Element Result(Truss, Beam, Plane Stress/Strain, Solid)",https://support.midasuser.com/hc/en-us/articles/36705161290649-Time-History-Text-Element-Result-Truss-Beam-Plane-Stress-Strain-Solid
POST.TEXT.TH_SOLIDSTRESS,POST,/POST/TEXT,POST,TH_SOLIDSTRESS,,yes,22,Time History Text,"Time History Text - Element Result(Truss, Beam, Plane Stress/Strain, Solid)",https://support.midasuser.com/hc/en-us/articles/36705161290649-Time-History-Text-Element-Result-Truss-Beam-Plane-Stress-Strain-Solid
POST.TEXT.TH_TRUSSFORCE,POST,/POST/TEXT,POST,TH_TRUSSFORCE,,yes,22,Time History Text,"Time History Text - Element Result(Truss, Beam, Plane Stress/Strain, Solid)",https://support.midasuser.com/hc/en-us/articles/36705161290649-Time-History-Text-Element-Result-Truss-Beam-Plane-Stress-Strain-Solid
POST.TEXT.TH_TRUSSSTRESS,POST,/POST/TEXT,POST,TH_TRUSSSTRESS,,yes,22,Time History Text,"Time History Text - Element Result(Truss, Beam, Plane Stress/Strain, Solid)",https://support.midasuser.com/hc/en-us/articles/36705161290649-Time-History-Text-Element-Result-Truss-Beam-Plane-Stress-Strain-Solid
POST.TEXT.TH_VELOCITY,POST,/POST/TEXT,POST,TH_VELOCITY,,yes,25,Time History Text,Time History Text - Node Results,https://support.midasuser.com/hc/en-us/articles/36704969941913-Time-History-Text-Node-Results
POST.TEXT.TH_WALLFORCE,POST,/POST/TEXT,POST,TH_WALLFORCE,,yes,22,Time History Text,Time History Text - Element Result(Wall),https://support.midasuser.com/hc/en-us/articles/36705611314585-Time-History-Text-Element-Result-Wall
VIEW.ACTIVE,VIEW,/VIEW/ACTIVE,POST,,,yes,10,VIEW,Active,https://support.midasuser.com/hc/en-us/articles/35523395368985-Active
VIEW.ANGLE,VIEW,/VIEW/ANGLE,POST,,,yes,2,VIEW,Viewpoint,https://support.midasuser.com/hc/en-us/articles/35736247981209-Viewpoint
VIEW.CAPTURE,VIEW,/VIEW/CAPTURE,POST,,,yes,24,VIEW,Capture,https://support.midasuser.com/hc/en-us/articles/35996023805337-Capture
VIEW.DISPLAY,VIEW,/VIEW/DISPLAY,POST,,,yes,136,VIEW,Display,https://support.midasuser.com/hc/en-us/articles/35996157533977-Display
VIEW.PRECAPTURE,VIEW,/VIEW/PRECAPTURE,POST,,,yes,4,VIEW,Dialog Capture,https://support.midasuser.com/hc/en-us/articles/39236964850329-Dialog-Capture
VIEW.RESULTGRAPHIC,VIEW,/VIEW/RESULTGRAPHIC,POST,,,yes,106,VIEW,Type of Display,https://support.midasuser.com/hc/en-us/articles/35996812786841-Type-of-Display
VIEW.SELECT,VIEW,/VIEW/SELECT,GET,,,,0,VIEW,Select,https://support.midasuser.com/hc/en-us/articles/35995942911257-Select
